#pragma once
#include <stdint.h>
static const uint8_t g_ksystem_fallback_psf[] = {
    0x72, 0xB5, 0x4A, 0x86, 0x00, 0x00, 0x00, 0x00, 0x20, 0x00, 0x00, 0x00, 
    0x00, 0x00, 0x00, 0x00, 0x00, 0x02, 0x00, 0x00, 0x3A, 0x00, 0x00, 0x00, 
    0x1D, 0x00, 0x00, 0x00, 0x0C, 0x00, 0x00, 0x00, 0x00, 0x00, 0x00, 0x00, 
    0x00, 0x00, 0x00, 0x00, 0x00, 0x00, 0x00, 0x00, 0x00, 0x00, 0x00, 0x00, 
    0x00, 0x00, 0x00, 0x00, 0x00, 0x00, 0x00, 0x00, 0x00, 0x00, 0x06, 0x00, 
    0x0F, 0x00, 0x19, 0x80, 0x30, 0xC0, 0x60, 0x60, 0x30, 0xC0, 0x19, 0x80, 
    0x0F, 0x00, 0x06, 0x00, 0x00, 0x00, 0x00, 0x00, 0x00, 0x00, 0x00, 0x00, 
    0x00, 0x00, 0x00, 0x00, 0x00, 0x00, 0xB6, 0xD0, 0xB6, 0xD0, 0xB6, 0xD0, 
    0xB6, 0xD0, 0xB6, 0xD0, 0xB6, 0xD0, 0xB6, 0xD0, 0xB6, 0xD0, 0xB6, 0xD0, 
    0xB6, 0xD0, 0xB6, 0xD0, 0xB6, 0xD0, 0xB6, 0xD0, 0xB6, 0xD0, 0xB6, 0xD0, 
    0xB6, 0xD0, 0xB6, 0xD0, 0xB6, 0xD0, 0xB6, 0xD0, 0xB6, 0xD0, 0xB6, 0xD0, 
    0xB6, 0xD0, 0xB6, 0xD0, 0xB6, 0xD0, 0xB6, 0xD0, 0xB6, 0xD0, 0xB6, 0xD0, 
    0xB6, 0xD0, 0xB6, 0xD0, 0x04, 0x00, 0x04, 0x00, 0x04, 0x00, 0x04, 0x00, 
    0x04, 0x00, 0x04, 0x00, 0x04, 0x00, 0x04, 0x00, 0x04, 0x00, 0x04, 0x00, 
    0x04, 0x00, 0x04, 0x00, 0x04, 0x00, 0x04, 0x00, 0x04, 0x00, 0x04, 0x00, 
    0x04, 0x00, 0x04, 0x00, 0x04, 0x00, 0x04, 0x00, 0x04, 0x00, 0x04, 0x00, 
    0x04, 0x00, 0x04, 0x00, 0x04, 0x00, 0x04, 0x00, 0x04, 0x00, 0x04, 0x00, 
    0x04, 0x00, 0x04, 0x00, 0x04, 0x00, 0x04, 0x00, 0x04, 0x00, 0x04, 0x00, 
    0x04, 0x00, 0x04, 0x00, 0x04, 0x00, 0x04, 0x00, 0x04, 0x00, 0x04, 0x00, 
    0x04, 0x00, 0x04, 0x00, 0x04, 0x00, 0x04, 0x00, 0x04, 0x00, 0x04, 0x00, 
    0xFC, 0x00, 0x04, 0x00, 0x04, 0x00, 0x04, 0x00, 0x04, 0x00, 0x04, 0x00, 
    0x04, 0x00, 0x04, 0x00, 0x04, 0x00, 0x04, 0x00, 0x04, 0x00, 0x04, 0x00, 
    0x00, 0x00, 0x00, 0x00, 0x00, 0x00, 0x00, 0x00, 0x00, 0x00, 0x00, 0x00, 
    0x00, 0x00, 0x00, 0x00, 0x00, 0x00, 0x00, 0x00, 0x00, 0x00, 0x00, 0x00, 
    0x00, 0x00, 0x00, 0x00, 0x00, 0x00, 0x00, 0x00, 0x00, 0x00, 0xFC, 0x00, 
    0x04, 0x00, 0x04, 0x00, 0x04, 0x00, 0x04, 0x00, 0x04, 0x00, 0x04, 0x00, 
    0x04, 0x00, 0x04, 0x00, 0x04, 0x00, 0x04, 0x00, 0x04, 0x00, 0x04, 0x00, 
    0x04, 0x00, 0x04, 0x00, 0x04, 0x00, 0x04, 0x00, 0x04, 0x00, 0x04, 0x00, 
    0x04, 0x00, 0x04, 0x00, 0x04, 0x00, 0x04, 0x00, 0x04, 0x00, 0x04, 0x00, 
    0x04, 0x00, 0x04, 0x00, 0x04, 0x00, 0x04, 0x00, 0x07, 0xF0, 0x00, 0x00, 
    0x00, 0x00, 0x00, 0x00, 0x00, 0x00, 0x00, 0x00, 0x00, 0x00, 0x00, 0x00, 
    0x00, 0x00, 0x00, 0x00, 0x00, 0x00, 0x00, 0x00, 0x04, 0x00, 0x04, 0x00, 
    0x04, 0x00, 0x04, 0x00, 0x04, 0x00, 0x04, 0x00, 0x04, 0x00, 0x04, 0x00, 
    0x04, 0x00, 0x04, 0x00, 0x04, 0x00, 0x04, 0x00, 0x04, 0x00, 0x04, 0x00, 
    0x04, 0x00, 0x04, 0x00, 0x04, 0x00, 0xFF, 0xF0, 0x00, 0x00, 0x00, 0x00, 
    0x00, 0x00, 0x00, 0x00, 0x00, 0x00, 0x00, 0x00, 0x00, 0x00, 0x00, 0x00, 
    0x00, 0x00, 0x00, 0x00, 0x00, 0x00, 0x00, 0x00, 0x00, 0x00, 0x00, 0x00, 
    0x00, 0x00, 0x00, 0x00, 0x00, 0x00, 0x00, 0x00, 0x00, 0x00, 0x00, 0x00, 
    0x00, 0x00, 0x00, 0x00, 0x00, 0x00, 0x00, 0x00, 0x00, 0x00, 0x00, 0x00, 
    0x00, 0x00, 0x00, 0x00, 0xFF, 0xF0, 0x04, 0x00, 0x04, 0x00, 0x04, 0x00, 
    0x04, 0x00, 0x04, 0x00, 0x04, 0x00, 0x04, 0x00, 0x04, 0x00, 0x04, 0x00, 
    0x04, 0x00, 0x04, 0x00, 0x04, 0x00, 0x04, 0x00, 0x04, 0x00, 0x04, 0x00, 
    0x04, 0x00, 0x04, 0x00, 0x04, 0x00, 0x04, 0x00, 0x04, 0x00, 0x04, 0x00, 
    0x04, 0x00, 0x04, 0x00, 0x04, 0x00, 0x04, 0x00, 0x04, 0x00, 0x04, 0x00, 
    0x04, 0x00, 0x07, 0xF0, 0x04, 0x00, 0x04, 0x00, 0x04, 0x00, 0x04, 0x00, 
    0x04, 0x00, 0x04, 0x00, 0x04, 0x00, 0x04, 0x00, 0x04, 0x00, 0x04, 0x00, 
    0x04, 0x00, 0x00, 0x00, 0x00, 0x00, 0x00, 0x00, 0x00, 0x00, 0x00, 0x00, 
    0x00, 0x00, 0x00, 0x00, 0x00, 0x00, 0x00, 0x00, 0x00, 0x00, 0x00, 0x00, 
    0x00, 0x00, 0x00, 0x00, 0x00, 0x00, 0x00, 0x00, 0x00, 0x00, 0x00, 0x00, 
    0xFF, 0xF0, 0x00, 0x00, 0x00, 0x00, 0x00, 0x00, 0x00, 0x00, 0x00, 0x00, 
    0x00, 0x00, 0x00, 0x00, 0x00, 0x00, 0x00, 0x00, 0x00, 0x00, 0x00, 0x00, 
    0x04, 0x00, 0x04, 0x00, 0x04, 0x00, 0x04, 0x00, 0x04, 0x00, 0x04, 0x00, 
    0x04, 0x00, 0x04, 0x00, 0x04, 0x00, 0x04, 0x00, 0x04, 0x00, 0x04, 0x00, 
    0x04, 0x00, 0x04, 0x00, 0x04, 0x00, 0x04, 0x00, 0x04, 0x00, 0xFF, 0xF0, 
    0x04, 0x00, 0x04, 0x00, 0x04, 0x00, 0x04, 0x00, 0x04, 0x00, 0x04, 0x00, 
    0x04, 0x00, 0x04, 0x00, 0x04, 0x00, 0x04, 0x00, 0x04, 0x00, 0x04, 0x00, 
    0x04, 0x00, 0x04, 0x00, 0x04, 0x00, 0x04, 0x00, 0x04, 0x00, 0x04, 0x00, 
    0x04, 0x00, 0x04, 0x00, 0x04, 0x00, 0x04, 0x00, 0x04, 0x00, 0x04, 0x00, 
    0x04, 0x00, 0x04, 0x00, 0x04, 0x00, 0x04, 0x00, 0xFC, 0x00, 0x00, 0x00, 
    0x00, 0x00, 0x00, 0x00, 0x00, 0x00, 0x00, 0x00, 0x00, 0x00, 0x00, 0x00, 
    0x00, 0x00, 0x00, 0x00, 0x00, 0x00, 0x00, 0x00, 0x00, 0x00, 0x00, 0x00, 
    0x00, 0x00, 0x00, 0x00, 0x00, 0x00, 0x00, 0x00, 0x00, 0x00, 0x00, 0x00, 
    0x00, 0x00, 0x00, 0x00, 0x00, 0x00, 0x00, 0x00, 0x00, 0x00, 0x00, 0x00, 
    0x00, 0x00, 0x00, 0x00, 0x00, 0x00, 0x07, 0xF0, 0x04, 0x00, 0x04, 0x00, 
    0x04, 0x00, 0x04, 0x00, 0x04, 0x00, 0x04, 0x00, 0x04, 0x00, 0x04, 0x00, 
    0x04, 0x00, 0x04, 0x00, 0x04, 0x00, 0xFF, 0xF0, 0xFF, 0xF0, 0xFF, 0xF0, 
    0xFF, 0xF0, 0xFF, 0xF0, 0xFF, 0xF0, 0xFF, 0xF0, 0xFF, 0xF0, 0xFF, 0xF0, 
    0xFF, 0xF0, 0xFF, 0xF0, 0xFF, 0xF0, 0xFF, 0xF0, 0xFF, 0xF0, 0xFF, 0xF0, 
    0xFF, 0xF0, 0xFF, 0xF0, 0xFF, 0xF0, 0xFF, 0xF0, 0xFF, 0xF0, 0xFF, 0xF0, 
    0xFF, 0xF0, 0xFF, 0xF0, 0xFF, 0xF0, 0xFF, 0xF0, 0xFF, 0xF0, 0xFF, 0xF0, 
    0xFF, 0xF0, 0xFF, 0xF0, 0x49, 0x20, 0x49, 0x20, 0x49, 0x20, 0x49, 0x20, 
    0x49, 0x20, 0x49, 0x20, 0x49, 0x20, 0x49, 0x20, 0x49, 0x20, 0x49, 0x20, 
    0x49, 0x20, 0x49, 0x20, 0x49, 0x20, 0x49, 0x20, 0x49, 0x20, 0x49, 0x20, 
    0x49, 0x20, 0x49, 0x20, 0x49, 0x20, 0x49, 0x20, 0x49, 0x20, 0x49, 0x20, 
    0x49, 0x20, 0x49, 0x20, 0x49, 0x20, 0x49, 0x20, 0x49, 0x20, 0x49, 0x20, 
    0x49, 0x20, 0x00, 0x00, 0x00, 0x00, 0x00, 0x00, 0x00, 0x00, 0x00, 0x00, 
    0x00, 0x00, 0x00, 0x00, 0x00, 0x00, 0x00, 0x00, 0x00, 0x00, 0x00, 0x00, 
    0x00, 0x00, 0x00, 0x00, 0x3F, 0xC0, 0x3F, 0xC0, 0x3F, 0xC0, 0x3F, 0xC0, 
    0x3F, 0xC0, 0x3F, 0xC0, 0x3F, 0xC0, 0x3F, 0xC0, 0x00, 0x00, 0x00, 0x00, 
    0x00, 0x00, 0x00, 0x00, 0x00, 0x00, 0x00, 0x00, 0x00, 0x00, 0x00, 0x00, 
    0x00, 0x00, 0x00, 0x00, 0x00, 0x00, 0x00, 0x00, 0x00, 0x00, 0x00, 0x00, 
    0x00, 0x00, 0x00, 0x00, 0x00, 0x00, 0x00, 0x00, 0x00, 0x00, 0x06, 0x00, 
    0x06, 0x00, 0x1F, 0x80, 0x36, 0xC0, 0x26, 0xC0, 0x66, 0x00, 0x66, 0x00, 
    0x66, 0x00, 0x66, 0x00, 0x66, 0x40, 0x36, 0xC0, 0x1F, 0x80, 0x06, 0x00, 
    0x06, 0x00, 0x00, 0x00, 0x00, 0x00, 0x00, 0x00, 0x00, 0x00, 0x00, 0x00, 
    0x00, 0x00, 0x00, 0x00, 0x00, 0x00, 0x00, 0x00, 0x00, 0x00, 0x00, 0x00, 
    0x00, 0x00, 0x00, 0x00, 0x0F, 0x80, 0x1C, 0xC0, 0x18, 0xC0, 0x18, 0x00, 
    0x18, 0x00, 0x18, 0x00, 0x7E, 0x00, 0x7E, 0x00, 0x18, 0x00, 0x18, 0x00, 
    0x18, 0x00, 0x18, 0x00, 0x3E, 0x20, 0x7F, 0xE0, 0x61, 0xC0, 0x00, 0x00, 
    0x00, 0x00, 0x00, 0x00, 0x00, 0x00, 0x00, 0x00, 0x00, 0x00, 0x00, 0x00, 
    0x00, 0x00, 0x00, 0x00, 0x00, 0x00, 0x00, 0x00, 0x00, 0x00, 0x00, 0x00, 
    0x00, 0x00, 0xF0, 0x70, 0x60, 0x20, 0x30, 0x40, 0x18, 0x80, 0x18, 0x80, 
    0x0D, 0x00, 0x06, 0x00, 0x06, 0x00, 0x1F, 0x80, 0x06, 0x00, 0x1F, 0x80, 
    0x06, 0x00, 0x06, 0x00, 0x0F, 0x00, 0x00, 0x00, 0x00, 0x00, 0x00, 0x00, 
    0x00, 0x00, 0x00, 0x00, 0x00, 0x00, 0x00, 0x00, 0x00, 0x00, 0x00, 0x00, 
    0x00, 0x00, 0x00, 0x00, 0x00, 0x00, 0x00, 0x00, 0x00, 0x00, 0x00, 0x00, 
    0x00, 0x00, 0x07, 0xC0, 0x08, 0xE0, 0x10, 0x40, 0x30, 0x00, 0x60, 0x00, 
    0xFF, 0x80, 0x60, 0x00, 0xFF, 0x00, 0x60, 0x00, 0x30, 0x00, 0x38, 0x20, 
    0x1C, 0x60, 0x07, 0x80, 0x00, 0x00, 0x00, 0x00, 0x00, 0x00, 0x00, 0x00, 
    0x00, 0x00, 0x00, 0x00, 0x00, 0x00, 0x00, 0x00, 0x00, 0x00, 0x00, 0x00, 
    0x00, 0x00, 0x00, 0x00, 0x00, 0x00, 0x00, 0x00, 0x00, 0x00, 0x00, 0x00, 
    0x5F, 0x00, 0x60, 0xC0, 0x40, 0x60, 0x00, 0xE0, 0x03, 0x80, 0x7F, 0xE0, 
    0x0E, 0x00, 0x7F, 0xE0, 0x38, 0x00, 0x70, 0x00, 0x60, 0x60, 0x30, 0xE0, 
    0x0F, 0xA0, 0x00, 0x00, 0x00, 0x00, 0x00, 0x00, 0x00, 0x00, 0x00, 0x00, 
    0x00, 0x00, 0x00, 0x00, 0x00, 0x00, 0x00, 0x00, 0x00, 0x00, 0x00, 0x00, 
    0x00, 0x00, 0x00, 0x00, 0x00, 0x00, 0x00, 0x00, 0x10, 0x00, 0x30, 0x00, 
    0x50, 0x00, 0x10, 0x40, 0x10, 0x80, 0x11, 0x00, 0x3A, 0x00, 0x05, 0x40, 
    0x09, 0x40, 0x11, 0x40, 0x22, 0x40, 0x43, 0xE0, 0x00, 0x40, 0x00, 0x40, 
    0x00, 0x00, 0x00, 0x00, 0x00, 0x00, 0x00, 0x00, 0x00, 0x00, 0x00, 0x00, 
    0x00, 0x00, 0x00, 0x00, 0x00, 0x00, 0x00, 0x00, 0x00, 0x00, 0x00, 0x00, 
    0x00, 0x00, 0x00, 0x00, 0x00, 0x00, 0x10, 0x00, 0x30, 0x00, 0x50, 0x00, 
    0x10, 0x40, 0x10, 0x80, 0x11, 0x00, 0x3A, 0x00, 0x05, 0xC0, 0x0A, 0x20, 
    0x10, 0x20, 0x20, 0xC0, 0x41, 0x00, 0x02, 0x00, 0x03, 0xE0, 0x00, 0x00, 
    0x00, 0x00, 0x00, 0x00, 0x00, 0x00, 0x00, 0x00, 0x00, 0x00, 0x00, 0x00, 
    0x00, 0x00, 0x00, 0x00, 0x00, 0x00, 0x00, 0x00, 0x00, 0x00, 0x00, 0x00, 
    0x00, 0x00, 0x30, 0x00, 0x48, 0x00, 0x08, 0x00, 0x30, 0x40, 0x08, 0x80, 
    0x49, 0x00, 0x32, 0x00, 0x05, 0x40, 0x09, 0x40, 0x11, 0x40, 0x22, 0x40, 
    0x43, 0xE0, 0x00, 0x40, 0x00, 0x40, 0x00, 0x00, 0x00, 0x00, 0x00, 0x00, 
    0x00, 0x00, 0x00, 0x00, 0x00, 0x00, 0x00, 0x00, 0x00, 0x00, 0x00, 0x00, 
    0x00, 0x00, 0x00, 0x00, 0x00, 0x00, 0x00, 0x00, 0x00, 0x00, 0x00, 0x00, 
    0x00, 0x00, 0x00, 0x00, 0x00, 0x00, 0x00, 0x00, 0x00, 0x00, 0x08, 0x00, 
    0x10, 0x00, 0x20, 0x00, 0x40, 0x00, 0xFF, 0xF0, 0x40, 0x00, 0x20, 0x00, 
    0x10, 0x00, 0x08, 0x00, 0x00, 0x00, 0x00, 0x00, 0x00, 0x00, 0x00, 0x00, 
    0x00, 0x00, 0x00, 0x00, 0x00, 0x00, 0x00, 0x00, 0x00, 0x00, 0x00, 0x00, 
    0x00, 0x00, 0x00, 0x00, 0x00, 0x00, 0x00, 0x00, 0x00, 0x00, 0x00, 0x00, 
    0x00, 0x00, 0x00, 0x00, 0x04, 0x00, 0x0E, 0x00, 0x15, 0x00, 0x24, 0x80, 
    0x44, 0x40, 0x04, 0x00, 0x04, 0x00, 0x04, 0x00, 0x04, 0x00, 0x04, 0x00, 
    0x04, 0x00, 0x04, 0x00, 0x00, 0x00, 0x00, 0x00, 0x00, 0x00, 0x00, 0x00, 
    0x00, 0x00, 0x00, 0x00, 0x00, 0x00, 0x00, 0x00, 0x00, 0x00, 0x00, 0x00, 
    0x00, 0x00, 0x00, 0x00, 0x00, 0x00, 0x00, 0x00, 0x00, 0x00, 0x00, 0x00, 
    0x00, 0x00, 0x00, 0x00, 0x00, 0x00, 0x01, 0x00, 0x00, 0x80, 0x00, 0x40, 
    0x00, 0x20, 0xFF, 0xF0, 0x00, 0x20, 0x00, 0x40, 0x00, 0x80, 0x01, 0x00, 
    0x00, 0x00, 0x00, 0x00, 0x00, 0x00, 0x00, 0x00, 0x00, 0x00, 0x00, 0x00, 
    0x00, 0x00, 0x00, 0x00, 0x00, 0x00, 0x00, 0x00, 0x00, 0x00, 0x00, 0x00, 
    0x00, 0x00, 0x00, 0x00, 0x00, 0x00, 0x00, 0x00, 0x00, 0x00, 0x00, 0x00, 
    0x00, 0x00, 0x04, 0x00, 0x04, 0x00, 0x04, 0x00, 0x04, 0x00, 0x04, 0x00, 
    0x04, 0x00, 0x04, 0x00, 0x44, 0x40, 0x24, 0x80, 0x15, 0x00, 0x0E, 0x00, 
    0x04, 0x00, 0x00, 0x00, 0x00, 0x00, 0x00, 0x00, 0x00, 0x00, 0x00, 0x00, 
    0x00, 0x00, 0x00, 0x00, 0x00, 0x00, 0x00, 0x00, 0x00, 0x00, 0x00, 0x00, 
    0x00, 0x00, 0x00, 0x00, 0x60, 0x60, 0x70, 0x40, 0x38, 0x80, 0x1F, 0x80, 
    0x11, 0xC0, 0x20, 0xE0, 0x60, 0x60, 0x60, 0x60, 0x60, 0x60, 0x60, 0x60, 
    0x70, 0x40, 0x38, 0x80, 0x1F, 0x80, 0x11, 0xC0, 0x20, 0xE0, 0x60, 0x60, 
    0x00, 0x00, 0x00, 0x00, 0x00, 0x00, 0x00, 0x00, 0x00, 0x00, 0x00, 0x00, 
    0x00, 0x00, 0x00, 0x00, 0x00, 0x00, 0x00, 0x00, 0x00, 0x00, 0x00, 0x00, 
    0x00, 0x00, 0x00, 0x00, 0x00, 0x00, 0x00, 0x00, 0x00, 0x00, 0x3F, 0xC0, 
    0x3F, 0xC0, 0x3F, 0xC0, 0x3F, 0xC0, 0x3F, 0xC0, 0x3F, 0xC0, 0x3F, 0xC0, 
    0x3F, 0xC0, 0x3F, 0xC0, 0x3F, 0xC0, 0x3F, 0xC0, 0x3F, 0xC0, 0x00, 0x00, 
    0x00, 0x00, 0x00, 0x00, 0x00, 0x00, 0x00, 0x00, 0x00, 0x00, 0x00, 0x00, 
    0x00, 0x00, 0x00, 0x00, 0x00, 0x00, 0x00, 0x00, 0x00, 0x00, 0x00, 0x00, 
    0x00, 0x00, 0x00, 0x00, 0x00, 0x00, 0x00, 0x00, 0x3F, 0xC0, 0x3F, 0xC0, 
    0x3F, 0xC0, 0x3F, 0xC0, 0x3F, 0xC0, 0x3F, 0xC0, 0x3F, 0xC0, 0x3F, 0xC0, 
    0x3F, 0xC0, 0x3F, 0xC0, 0x3F, 0xC0, 0x3F, 0xC0, 0x00, 0x00, 0x00, 0x00, 
    0x00, 0x00, 0x00, 0x00, 0x00, 0x00, 0x01, 0x00, 0x02, 0x00, 0x04, 0x00, 
    0x0E, 0x00, 0x17, 0x10, 0x3D, 0x10, 0x61, 0x10, 0x83, 0x20, 0x02, 0x20, 
    0x06, 0x20, 0x0E, 0x40, 0x1C, 0x80, 0x3F, 0x10, 0x70, 0x20, 0x7C, 0xC0, 
    0xE3, 0x00, 0xF8, 0x60, 0xF7, 0x80, 0x70, 0x10, 0x70, 0x10, 0x38, 0x20, 
    0x3C, 0xE0, 0x1F, 0xC0, 0x07, 0x00, 0xD9, 0xA0, 0xA0, 0x40, 0x10, 0x80, 
    0x01, 0xC0, 0x06, 0x20, 0x00, 0x00, 0x00, 0x00, 0x00, 0x00, 0x00, 0x00, 
    0x00, 0x00, 0x00, 0x00, 0x00, 0x00, 0x00, 0x00, 0x00, 0x00, 0x00, 0x00, 
    0x00, 0x00, 0x00, 0x00, 0x00, 0x00, 0x00, 0x00, 0x00, 0x00, 0x00, 0x00, 
    0x00, 0x00, 0x00, 0x00, 0x00, 0x00, 0x00, 0x00, 0x00, 0x00, 0x00, 0x00, 
    0x00, 0x00, 0x00, 0x00, 0x00, 0x00, 0x00, 0x00, 0x00, 0x00, 0x00, 0x00, 
    0x00, 0x00, 0x00, 0x00, 0x00, 0x00, 0x00, 0x00, 0x00, 0x00, 0x00, 0x00, 
    0x00, 0x00, 0x00, 0x00, 0x06, 0x00, 0x0F, 0x00, 0x0F, 0x00, 0x0F, 0x00, 
    0x0F, 0x00, 0x0F, 0x00, 0x0F, 0x00, 0x0F, 0x00, 0x06, 0x00, 0x06, 0x00, 
    0x06, 0x00, 0x06, 0x00, 0x00, 0x00, 0x00, 0x00, 0x06, 0x00, 0x06, 0x00, 
    0x00, 0x00, 0x00, 0x00, 0x00, 0x00, 0x00, 0x00, 0x00, 0x00, 0x00, 0x00, 
    0x00, 0x00, 0x00, 0x00, 0x00, 0x00, 0x00, 0x00, 0x00, 0x00, 0x00, 0x00, 
    0x00, 0x00, 0x30, 0xC0, 0x79, 0xE0, 0x79, 0xE0, 0x18, 0x60, 0x18, 0x60, 
    0x30, 0xC0, 0x20, 0x80, 0x00, 0x00, 0x00, 0x00, 0x00, 0x00, 0x00, 0x00, 
    0x00, 0x00, 0x00, 0x00, 0x00, 0x00, 0x00, 0x00, 0x00, 0x00, 0x00, 0x00, 
    0x00, 0x00, 0x00, 0x00, 0x00, 0x00, 0x00, 0x00, 0x00, 0x00, 0x00, 0x00, 
    0x00, 0x00, 0x00, 0x00, 0x00, 0x00, 0x00, 0x00, 0x00, 0x00, 0x00, 0x00, 
    0x00, 0x00, 0x03, 0x30, 0x03, 0x30, 0x03, 0x30, 0x06, 0x60, 0x1F, 0xF0, 
    0x1F, 0xF0, 0x0C, 0xC0, 0x0C, 0xC0, 0x19, 0x80, 0x19, 0x80, 0x7F, 0xC0, 
    0x7F, 0xC0, 0x33, 0x00, 0x66, 0x00, 0x66, 0x00, 0x00, 0x00, 0x00, 0x00, 
    0x00, 0x00, 0x00, 0x00, 0x00, 0x00, 0x00, 0x00, 0x00, 0x00, 0x00, 0x00, 
    0x00, 0x00, 0x00, 0x00, 0x00, 0x00, 0x00, 0x00, 0x00, 0x00, 0x00, 0x00, 
    0x06, 0x00, 0x1F, 0x80, 0x3F, 0xC0, 0x66, 0xE0, 0x66, 0x60, 0x66, 0x00, 
    0x3E, 0x00, 0x1F, 0x80, 0x07, 0xC0, 0x06, 0x60, 0x66, 0x60, 0x76, 0x60, 
    0x3F, 0xC0, 0x1F, 0x80, 0x06, 0x00, 0x00, 0x00, 0x00, 0x00, 0x00, 0x00, 
    0x00, 0x00, 0x00, 0x00, 0x00, 0x00, 0x00, 0x00, 0x00, 0x00, 0x00, 0x00, 
    0x00, 0x00, 0x00, 0x00, 0x00, 0x00, 0x00, 0x00, 0x00, 0x00, 0x00, 0x00, 
    0x38, 0xC0, 0x4C, 0xC0, 0x45, 0x80, 0x65, 0x80, 0x3B, 0x00, 0x03, 0x00, 
    0x06, 0x00, 0x06, 0x00, 0x0C, 0x00, 0x0D, 0xC0, 0x1A, 0x60, 0x1A, 0x20, 
    0x33, 0x20, 0x31, 0xC0, 0x00, 0x00, 0x00, 0x00, 0x00, 0x00, 0x00, 0x00, 
    0x00, 0x00, 0x00, 0x00, 0x00, 0x00, 0x00, 0x00, 0x00, 0x00, 0x00, 0x00, 
    0x00, 0x00, 0x00, 0x00, 0x00, 0x00, 0x00, 0x00, 0x0E, 0x00, 0x13, 0x00, 
    0x21, 0x80, 0x31, 0x80, 0x31, 0x00, 0x1A, 0x00, 0x1C, 0x00, 0x1E, 0x00, 
    0x27, 0x00, 0x63, 0x20, 0x61, 0xA0, 0x60, 0xC0, 0x70, 0xC0, 0x39, 0x60, 
    0x1E, 0x20, 0x00, 0x00, 0x00, 0x00, 0x00, 0x00, 0x00, 0x00, 0x00, 0x00, 
    0x00, 0x00, 0x00, 0x00, 0x00, 0x00, 0x00, 0x00, 0x00, 0x00, 0x00, 0x00, 
    0x00, 0x00, 0x00, 0x00, 0x0C, 0x00, 0x1E, 0x00, 0x1E, 0x00, 0x06, 0x00, 
    0x06, 0x00, 0x0C, 0x00, 0x08, 0x00, 0x00, 0x00, 0x00, 0x00, 0x00, 0x00, 
    0x00, 0x00, 0x00, 0x00, 0x00, 0x00, 0x00, 0x00, 0x00, 0x00, 0x00, 0x00, 
    0x00, 0x00, 0x00, 0x00, 0x00, 0x00, 0x00, 0x00, 0x00, 0x00, 0x00, 0x00, 
    0x00, 0x00, 0x00, 0x00, 0x00, 0x00, 0x00, 0x00, 0x00, 0x00, 0x00, 0x00, 
    0x01, 0x80, 0x03, 0x00, 0x06, 0x00, 0x06, 0x00, 0x0C, 0x00, 0x0C, 0x00, 
    0x0C, 0x00, 0x1C, 0x00, 0x18, 0x00, 0x18, 0x00, 0x18, 0x00, 0x18, 0x00, 
    0x1C, 0x00, 0x0C, 0x00, 0x0C, 0x00, 0x06, 0x00, 0x06, 0x00, 0x03, 0x00, 
    0x01, 0x80, 0x00, 0x00, 0x00, 0x00, 0x00, 0x00, 0x00, 0x00, 0x00, 0x00, 
    0x00, 0x00, 0x00, 0x00, 0x00, 0x00, 0x00, 0x00, 0x00, 0x00, 0x18, 0x00, 
    0x0C, 0x00, 0x06, 0x00, 0x06, 0x00, 0x03, 0x00, 0x03, 0x00, 0x03, 0x00, 
    0x03, 0x80, 0x01, 0x80, 0x01, 0x80, 0x01, 0x80, 0x01, 0x80, 0x03, 0x80, 
    0x03, 0x00, 0x03, 0x00, 0x06, 0x00, 0x06, 0x00, 0x0C, 0x00, 0x18, 0x00, 
    0x00, 0x00, 0x00, 0x00, 0x00, 0x00, 0x00, 0x00, 0x00, 0x00, 0x00, 0x00, 
    0x00, 0x00, 0x00, 0x00, 0x00, 0x00, 0x00, 0x00, 0x00, 0x00, 0x00, 0x00, 
    0x00, 0x00, 0x00, 0x00, 0x00, 0x00, 0x00, 0x00, 0x0F, 0x00, 0x06, 0x00, 
    0x66, 0x60, 0x76, 0xE0, 0x19, 0x80, 0x00, 0x00, 0x19, 0x80, 0x76, 0xE0, 
    0x66, 0x60, 0x06, 0x00, 0x0F, 0x00, 0x00, 0x00, 0x00, 0x00, 0x00, 0x00, 
    0x00, 0x00, 0x00, 0x00, 0x00, 0x00, 0x00, 0x00, 0x00, 0x00, 0x00, 0x00, 
    0x00, 0x00, 0x00, 0x00, 0x00, 0x00, 0x00, 0x00, 0x00, 0x00, 0x00, 0x00, 
    0x00, 0x00, 0x00, 0x00, 0x00, 0x00, 0x00, 0x00, 0x06, 0x00, 0x06, 0x00, 
    0x06, 0x00, 0x06, 0x00, 0x7F, 0xE0, 0x06, 0x00, 0x06, 0x00, 0x06, 0x00, 
    0x06, 0x00, 0x00, 0x00, 0x00, 0x00, 0x00, 0x00, 0x00, 0x00, 0x00, 0x00, 
    0x00, 0x00, 0x00, 0x00, 0x00, 0x00, 0x00, 0x00, 0x00, 0x00, 0x00, 0x00, 
    0x00, 0x00, 0x00, 0x00, 0x00, 0x00, 0x00, 0x00, 0x00, 0x00, 0x00, 0x00, 
    0x00, 0x00, 0x00, 0x00, 0x00, 0x00, 0x00, 0x00, 0x00, 0x00, 0x00, 0x00, 
    0x00, 0x00, 0x00, 0x00, 0x00, 0x00, 0x0C, 0x00, 0x1E, 0x00, 0x1E, 0x00, 
    0x06, 0x00, 0x06, 0x00, 0x0C, 0x00, 0x08, 0x00, 0x00, 0x00, 0x00, 0x00, 
    0x00, 0x00, 0x00, 0x00, 0x00, 0x00, 0x00, 0x00, 0x00, 0x00, 0x00, 0x00, 
    0x00, 0x00, 0x00, 0x00, 0x00, 0x00, 0x00, 0x00, 0x00, 0x00, 0x00, 0x00, 
    0x00, 0x00, 0x00, 0x00, 0x00, 0x00, 0x00, 0x00, 0x00, 0x00, 0x00, 0x00, 
    0x3F, 0xC0, 0x00, 0x00, 0x00, 0x00, 0x00, 0x00, 0x00, 0x00, 0x00, 0x00, 
    0x00, 0x00, 0x00, 0x00, 0x00, 0x00, 0x00, 0x00, 0x00, 0x00, 0x00, 0x00, 
    0x00, 0x00, 0x00, 0x00, 0x00, 0x00, 0x00, 0x00, 0x00, 0x00, 0x00, 0x00, 
    0x00, 0x00, 0x00, 0x00, 0x00, 0x00, 0x00, 0x00, 0x00, 0x00, 0x00, 0x00, 
    0x00, 0x00, 0x00, 0x00, 0x00, 0x00, 0x00, 0x00, 0x00, 0x00, 0x00, 0x00, 
    0x00, 0x00, 0x0C, 0x00, 0x1E, 0x00, 0x1E, 0x00, 0x0C, 0x00, 0x00, 0x00, 
    0x00, 0x00, 0x00, 0x00, 0x00, 0x00, 0x00, 0x00, 0x00, 0x00, 0x00, 0x00, 
    0x00, 0x00, 0x00, 0x00, 0x00, 0x00, 0x00, 0x00, 0x00, 0x00, 0x00, 0x00, 
    0x00, 0x00, 0x00, 0x60, 0x00, 0xC0, 0x00, 0xC0, 0x01, 0x80, 0x01, 0x80, 
    0x03, 0x00, 0x03, 0x00, 0x06, 0x00, 0x06, 0x00, 0x0C, 0x00, 0x0C, 0x00, 
    0x18, 0x00, 0x18, 0x00, 0x30, 0x00, 0x30, 0x00, 0x60, 0x00, 0x00, 0x00, 
    0x00, 0x00, 0x00, 0x00, 0x00, 0x00, 0x00, 0x00, 0x00, 0x00, 0x00, 0x00, 
    0x00, 0x00, 0x00, 0x00, 0x00, 0x00, 0x00, 0x00, 0x00, 0x00, 0x00, 0x00, 
    0x07, 0x00, 0x0F, 0x80, 0x11, 0x80, 0x10, 0xC0, 0x30, 0xC0, 0x30, 0xC0, 
    0x30, 0xC0, 0x30, 0xC0, 0x30, 0xC0, 0x30, 0xC0, 0x30, 0xC0, 0x30, 0x80, 
    0x18, 0x80, 0x1F, 0x00, 0x0E, 0x00, 0x00, 0x00, 0x00, 0x00, 0x00, 0x00, 
    0x00, 0x00, 0x00, 0x00, 0x00, 0x00, 0x00, 0x00, 0x00, 0x00, 0x00, 0x00, 
    0x00, 0x00, 0x00, 0x00, 0x00, 0x00, 0x00, 0x00, 0x00, 0x00, 0x02, 0x00, 
    0x06, 0x00, 0x0E, 0x00, 0x1E, 0x00, 0x36, 0x00, 0x06, 0x00, 0x06, 0x00, 
    0x06, 0x00, 0x06, 0x00, 0x06, 0x00, 0x06, 0x00, 0x06, 0x00, 0x06, 0x00, 
    0x06, 0x00, 0x3F, 0xC0, 0x00, 0x00, 0x00, 0x00, 0x00, 0x00, 0x00, 0x00, 
    0x00, 0x00, 0x00, 0x00, 0x00, 0x00, 0x00, 0x00, 0x00, 0x00, 0x00, 0x00, 
    0x00, 0x00, 0x00, 0x00, 0x00, 0x00, 0x00, 0x00, 0x1F, 0x00, 0x3F, 0x80, 
    0x61, 0xC0, 0x40, 0xC0, 0x00, 0xC0, 0x00, 0xC0, 0x00, 0xC0, 0x01, 0x80, 
    0x03, 0x00, 0x06, 0x00, 0x0C, 0x00, 0x18, 0x00, 0x30, 0x20, 0x7F, 0xE0, 
    0x7F, 0xE0, 0x00, 0x00, 0x00, 0x00, 0x00, 0x00, 0x00, 0x00, 0x00, 0x00, 
    0x00, 0x00, 0x00, 0x00, 0x00, 0x00, 0x00, 0x00, 0x00, 0x00, 0x00, 0x00, 
    0x00, 0x00, 0x00, 0x00, 0x00, 0x00, 0x0F, 0x80, 0x1F, 0xC0, 0x20, 0xE0, 
    0x40, 0x60, 0x00, 0x60, 0x00, 0xE0, 0x07, 0xC0, 0x0F, 0xC0, 0x00, 0xE0, 
    0x00, 0x60, 0x00, 0x60, 0x40, 0x60, 0x60, 0x40, 0x3F, 0x80, 0x1F, 0x00, 
    0x00, 0x00, 0x00, 0x00, 0x00, 0x00, 0x00, 0x00, 0x00, 0x00, 0x00, 0x00, 
    0x00, 0x00, 0x00, 0x00, 0x00, 0x00, 0x00, 0x00, 0x00, 0x00, 0x00, 0x00, 
    0x00, 0x00, 0x00, 0x00, 0x01, 0x80, 0x03, 0x80, 0x03, 0x80, 0x05, 0x80, 
    0x05, 0x80, 0x09, 0x80, 0x09, 0x80, 0x11, 0x80, 0x11, 0x80, 0x21, 0x80, 
    0x3F, 0xE0, 0x7F, 0xE0, 0x01, 0x80, 0x01, 0x80, 0x01, 0x80, 0x00, 0x00, 
    0x00, 0x00, 0x00, 0x00, 0x00, 0x00, 0x00, 0x00, 0x00, 0x00, 0x00, 0x00, 
    0x00, 0x00, 0x00, 0x00, 0x00, 0x00, 0x00, 0x00, 0x00, 0x00, 0x00, 0x00, 
    0x00, 0x00, 0x0F, 0xC0, 0x0F, 0xC0, 0x10, 0x00, 0x10, 0x00, 0x20, 0x00, 
    0x3F, 0x80, 0x31, 0xC0, 0x00, 0xE0, 0x00, 0x60, 0x00, 0x60, 0x00, 0x60, 
    0x40, 0x60, 0x60, 0x60, 0x30, 0xC0, 0x1F, 0x80, 0x00, 0x00, 0x00, 0x00, 
    0x00, 0x00, 0x00, 0x00, 0x00, 0x00, 0x00, 0x00, 0x00, 0x00, 0x00, 0x00, 
    0x00, 0x00, 0x00, 0x00, 0x00, 0x00, 0x00, 0x00, 0x00, 0x00, 0x00, 0x00, 
    0x07, 0x00, 0x0C, 0x00, 0x18, 0x00, 0x30, 0x00, 0x30, 0x00, 0x60, 0x00, 
    0x67, 0x80, 0x6F, 0xC0, 0x70, 0xE0, 0x60, 0x60, 0x60, 0x60, 0x60, 0x60, 
    0x70, 0x40, 0x3F, 0x80, 0x1F, 0x00, 0x00, 0x00, 0x00, 0x00, 0x00, 0x00, 
    0x00, 0x00, 0x00, 0x00, 0x00, 0x00, 0x00, 0x00, 0x00, 0x00, 0x00, 0x00, 
    0x00, 0x00, 0x00, 0x00, 0x00, 0x00, 0x00, 0x00, 0x00, 0x00, 0x1F, 0xE0, 
    0x3F, 0xE0, 0x60, 0x40, 0x00, 0x40, 0x00, 0xC0, 0x00, 0x80, 0x00, 0x80, 
    0x01, 0x80, 0x01, 0x00, 0x01, 0x00, 0x03, 0x00, 0x02, 0x00, 0x02, 0x00, 
    0x06, 0x00, 0x04, 0x00, 0x00, 0x00, 0x00, 0x00, 0x00, 0x00, 0x00, 0x00, 
    0x00, 0x00, 0x00, 0x00, 0x00, 0x00, 0x00, 0x00, 0x00, 0x00, 0x00, 0x00, 
    0x00, 0x00, 0x00, 0x00, 0x00, 0x00, 0x00, 0x00, 0x0F, 0x00, 0x11, 0x80, 
    0x30, 0xC0, 0x30, 0xC0, 0x30, 0xC0, 0x18, 0x80, 0x0D, 0x00, 0x06, 0x00, 
    0x0B, 0x00, 0x11, 0x80, 0x30, 0xC0, 0x30, 0xC0, 0x30, 0xC0, 0x18, 0x80, 
    0x0F, 0x00, 0x00, 0x00, 0x00, 0x00, 0x00, 0x00, 0x00, 0x00, 0x00, 0x00, 
    0x00, 0x00, 0x00, 0x00, 0x00, 0x00, 0x00, 0x00, 0x00, 0x00, 0x00, 0x00, 
    0x00, 0x00, 0x00, 0x00, 0x00, 0x00, 0x0F, 0x80, 0x11, 0xC0, 0x20, 0xE0, 
    0x60, 0x60, 0x60, 0x60, 0x60, 0x60, 0x70, 0xE0, 0x3F, 0x60, 0x1E, 0x60, 
    0x00, 0x60, 0x00, 0xC0, 0x00, 0xC0, 0x01, 0x80, 0x07, 0x00, 0x3C, 0x00, 
    0x00, 0x00, 0x00, 0x00, 0x00, 0x00, 0x00, 0x00, 0x00, 0x00, 0x00, 0x00, 
    0x00, 0x00, 0x00, 0x00, 0x00, 0x00, 0x00, 0x00, 0x00, 0x00, 0x00, 0x00, 
    0x00, 0x00, 0x00, 0x00, 0x00, 0x00, 0x00, 0x00, 0x00, 0x00, 0x00, 0x00, 
    0x00, 0x00, 0x0C, 0x00, 0x1E, 0x00, 0x1E, 0x00, 0x0C, 0x00, 0x00, 0x00, 
    0x00, 0x00, 0x0C, 0x00, 0x1E, 0x00, 0x1E, 0x00, 0x0C, 0x00, 0x00, 0x00, 
    0x00, 0x00, 0x00, 0x00, 0x00, 0x00, 0x00, 0x00, 0x00, 0x00, 0x00, 0x00, 
    0x00, 0x00, 0x00, 0x00, 0x00, 0x00, 0x00, 0x00, 0x00, 0x00, 0x00, 0x00, 
    0x00, 0x00, 0x00, 0x00, 0x00, 0x00, 0x00, 0x00, 0x00, 0x00, 0x00, 0x00, 
    0x0C, 0x00, 0x1E, 0x00, 0x1E, 0x00, 0x0C, 0x00, 0x00, 0x00, 0x00, 0x00, 
    0x0C, 0x00, 0x1E, 0x00, 0x1E, 0x00, 0x06, 0x00, 0x06, 0x00, 0x0C, 0x00, 
    0x08, 0x00, 0x00, 0x00, 0x00, 0x00, 0x00, 0x00, 0x00, 0x00, 0x00, 0x00, 
    0x00, 0x00, 0x00, 0x00, 0x00, 0x00, 0x00, 0x00, 0x00, 0x00, 0x00, 0x00, 
    0x00, 0x00, 0x00, 0x00, 0x00, 0x00, 0x00, 0x00, 0x00, 0x00, 0x00, 0x60, 
    0x01, 0xC0, 0x07, 0x00, 0x1C, 0x00, 0x70, 0x00, 0x70, 0x00, 0x1C, 0x00, 
    0x07, 0x00, 0x01, 0xC0, 0x00, 0x60, 0x00, 0x00, 0x00, 0x00, 0x00, 0x00, 
    0x00, 0x00, 0x00, 0x00, 0x00, 0x00, 0x00, 0x00, 0x00, 0x00, 0x00, 0x00, 
    0x00, 0x00, 0x00, 0x00, 0x00, 0x00, 0x00, 0x00, 0x00, 0x00, 0x00, 0x00, 
    0x00, 0x00, 0x00, 0x00, 0x00, 0x00, 0x00, 0x00, 0x00, 0x00, 0x00, 0x00, 
    0x3F, 0xC0, 0x00, 0x00, 0x00, 0x00, 0x00, 0x00, 0x3F, 0xC0, 0x00, 0x00, 
    0x00, 0x00, 0x00, 0x00, 0x00, 0x00, 0x00, 0x00, 0x00, 0x00, 0x00, 0x00, 
    0x00, 0x00, 0x00, 0x00, 0x00, 0x00, 0x00, 0x00, 0x00, 0x00, 0x00, 0x00, 
    0x00, 0x00, 0x00, 0x00, 0x00, 0x00, 0x00, 0x00, 0x00, 0x00, 0x00, 0x00, 
    0x00, 0x00, 0x00, 0x00, 0x00, 0x00, 0x60, 0x00, 0x38, 0x00, 0x0E, 0x00, 
    0x03, 0x80, 0x00, 0xE0, 0x00, 0xE0, 0x03, 0x80, 0x0E, 0x00, 0x38, 0x00, 
    0x60, 0x00, 0x00, 0x00, 0x00, 0x00, 0x00, 0x00, 0x00, 0x00, 0x00, 0x00, 
    0x00, 0x00, 0x00, 0x00, 0x00, 0x00, 0x00, 0x00, 0x00, 0x00, 0x00, 0x00, 
    0x00, 0x00, 0x00, 0x00, 0x00, 0x00, 0x0F, 0x00, 0x1B, 0x80, 0x21, 0xC0, 
    0x20, 0xC0, 0x00, 0xC0, 0x00, 0x80, 0x01, 0x00, 0x02, 0x00, 0x06, 0x00, 
    0x06, 0x00, 0x06, 0x00, 0x00, 0x00, 0x00, 0x00, 0x06, 0x00, 0x06, 0x00, 
    0x00, 0x00, 0x00, 0x00, 0x00, 0x00, 0x00, 0x00, 0x00, 0x00, 0x00, 0x00, 
    0x00, 0x00, 0x00, 0x00, 0x00, 0x00, 0x00, 0x00, 0x00, 0x00, 0x00, 0x00, 
    0x00, 0x00, 0x00, 0x00, 0x00, 0x00, 0x00, 0x00, 0x07, 0x80, 0x18, 0x40, 
    0x20, 0x20, 0x46, 0x90, 0x49, 0x90, 0x89, 0x10, 0x93, 0x10, 0x92, 0x20, 
    0x96, 0x60, 0x4B, 0x80, 0x40, 0x10, 0x30, 0x60, 0x0F, 0x80, 0x00, 0x00, 
    0x00, 0x00, 0x00, 0x00, 0x00, 0x00, 0x00, 0x00, 0x00, 0x00, 0x00, 0x00, 
    0x00, 0x00, 0x00, 0x00, 0x00, 0x00, 0x00, 0x00, 0x00, 0x00, 0x00, 0x00, 
    0x00, 0x00, 0x00, 0x00, 0x06, 0x00, 0x06, 0x00, 0x0B, 0x00, 0x0B, 0x00, 
    0x09, 0x00, 0x11, 0x80, 0x11, 0x80, 0x10, 0x80, 0x3F, 0xC0, 0x20, 0xC0, 
    0x20, 0x40, 0x40, 0x60, 0x40, 0x60, 0xE0, 0xF0, 0x00, 0x00, 0x00, 0x00, 
    0x00, 0x00, 0x00, 0x00, 0x00, 0x00, 0x00, 0x00, 0x00, 0x00, 0x00, 0x00, 
    0x00, 0x00, 0x00, 0x00, 0x00, 0x00, 0x00, 0x00, 0x00, 0x00, 0x00, 0x00, 
    0x00, 0x00, 0xFF, 0x00, 0x60, 0x80, 0x60, 0xC0, 0x60, 0xC0, 0x60, 0xC0, 
    0x61, 0x80, 0x7F, 0x80, 0x60, 0xC0, 0x60, 0x60, 0x60, 0x60, 0x60, 0x60, 
    0x60, 0x60, 0x60, 0xC0, 0xFF, 0x80, 0x00, 0x00, 0x00, 0x00, 0x00, 0x00, 
    0x00, 0x00, 0x00, 0x00, 0x00, 0x00, 0x00, 0x00, 0x00, 0x00, 0x00, 0x00, 
    0x00, 0x00, 0x00, 0x00, 0x00, 0x00, 0x00, 0x00, 0x00, 0x00, 0x00, 0x00, 
    0x0F, 0xC0, 0x10, 0x60, 0x20, 0x20, 0x20, 0x00, 0x60, 0x00, 0x60, 0x00, 
    0x60, 0x00, 0x60, 0x00, 0x60, 0x00, 0x60, 0x00, 0x20, 0x00, 0x30, 0x20, 
    0x18, 0x40, 0x0F, 0x80, 0x00, 0x00, 0x00, 0x00, 0x00, 0x00, 0x00, 0x00, 
    0x00, 0x00, 0x00, 0x00, 0x00, 0x00, 0x00, 0x00, 0x00, 0x00, 0x00, 0x00, 
    0x00, 0x00, 0x00, 0x00, 0x00, 0x00, 0x00, 0x00, 0x00, 0x00, 0xFF, 0x00, 
    0x61, 0xC0, 0x60, 0xC0, 0x60, 0x60, 0x60, 0x60, 0x60, 0x60, 0x60, 0x60, 
    0x60, 0x60, 0x60, 0x60, 0x60, 0x60, 0x60, 0x60, 0x60, 0x40, 0x61, 0x80, 
    0xFE, 0x00, 0x00, 0x00, 0x00, 0x00, 0x00, 0x00, 0x00, 0x00, 0x00, 0x00, 
    0x00, 0x00, 0x00, 0x00, 0x00, 0x00, 0x00, 0x00, 0x00, 0x00, 0x00, 0x00, 
    0x00, 0x00, 0x00, 0x00, 0x00, 0x00, 0x00, 0x00, 0x7F, 0xC0, 0x30, 0x40, 
    0x30, 0x40, 0x30, 0x00, 0x30, 0x00, 0x30, 0x80, 0x3F, 0x80, 0x30, 0x80, 
    0x30, 0x00, 0x30, 0x00, 0x30, 0x00, 0x30, 0x20, 0x30, 0x20, 0x7F, 0xE0, 
    0x00, 0x00, 0x00, 0x00, 0x00, 0x00, 0x00, 0x00, 0x00, 0x00, 0x00, 0x00, 
    0x00, 0x00, 0x00, 0x00, 0x00, 0x00, 0x00, 0x00, 0x00, 0x00, 0x00, 0x00, 
    0x00, 0x00, 0x00, 0x00, 0x00, 0x00, 0x7F, 0xC0, 0x30, 0x40, 0x30, 0x40, 
    0x30, 0x00, 0x30, 0x00, 0x30, 0x80, 0x3F, 0x80, 0x30, 0x80, 0x30, 0x00, 
    0x30, 0x00, 0x30, 0x00, 0x30, 0x00, 0x30, 0x00, 0x78, 0x00, 0x00, 0x00, 
    0x00, 0x00, 0x00, 0x00, 0x00, 0x00, 0x00, 0x00, 0x00, 0x00, 0x00, 0x00, 
    0x00, 0x00, 0x00, 0x00, 0x00, 0x00, 0x00, 0x00, 0x00, 0x00, 0x00, 0x00, 
    0x00, 0x00, 0x00, 0x00, 0x0F, 0xC0, 0x10, 0x60, 0x20, 0x20, 0x20, 0x00, 
    0x60, 0x00, 0x60, 0x00, 0x60, 0x00, 0x60, 0x00, 0x61, 0xF0, 0x60, 0x60, 
    0x20, 0x60, 0x30, 0x60, 0x18, 0x60, 0x0F, 0x80, 0x00, 0x00, 0x00, 0x00, 
    0x00, 0x00, 0x00, 0x00, 0x00, 0x00, 0x00, 0x00, 0x00, 0x00, 0x00, 0x00, 
    0x00, 0x00, 0x00, 0x00, 0x00, 0x00, 0x00, 0x00, 0x00, 0x00, 0x00, 0x00, 
    0x00, 0x00, 0xF0, 0xF0, 0x60, 0x60, 0x60, 0x60, 0x60, 0x60, 0x60, 0x60, 
    0x60, 0x60, 0x7F, 0xE0, 0x60, 0x60, 0x60, 0x60, 0x60, 0x60, 0x60, 0x60, 
    0x60, 0x60, 0x60, 0x60, 0xF0, 0xF0, 0x00, 0x00, 0x00, 0x00, 0x00, 0x00, 
    0x00, 0x00, 0x00, 0x00, 0x00, 0x00, 0x00, 0x00, 0x00, 0x00, 0x00, 0x00, 
    0x00, 0x00, 0x00, 0x00, 0x00, 0x00, 0x00, 0x00, 0x00, 0x00, 0x00, 0x00, 
    0x1F, 0x80, 0x06, 0x00, 0x06, 0x00, 0x06, 0x00, 0x06, 0x00, 0x06, 0x00, 
    0x06, 0x00, 0x06, 0x00, 0x06, 0x00, 0x06, 0x00, 0x06, 0x00, 0x06, 0x00, 
    0x06, 0x00, 0x1F, 0x80, 0x00, 0x00, 0x00, 0x00, 0x00, 0x00, 0x00, 0x00, 
    0x00, 0x00, 0x00, 0x00, 0x00, 0x00, 0x00, 0x00, 0x00, 0x00, 0x00, 0x00, 
    0x00, 0x00, 0x00, 0x00, 0x00, 0x00, 0x00, 0x00, 0x00, 0x00, 0x1F, 0x80, 
    0x06, 0x00, 0x06, 0x00, 0x06, 0x00, 0x06, 0x00, 0x06, 0x00, 0x06, 0x00, 
    0x06, 0x00, 0x06, 0x00, 0x06, 0x00, 0x06, 0x00, 0x06, 0x00, 0x06, 0x00, 
    0x06, 0x00, 0x06, 0x00, 0x06, 0x00, 0x04, 0x00, 0x38, 0x00, 0x30, 0x00, 
    0x00, 0x00, 0x00, 0x00, 0x00, 0x00, 0x00, 0x00, 0x00, 0x00, 0x00, 0x00, 
    0x00, 0x00, 0x00, 0x00, 0x00, 0x00, 0x00, 0x00, 0xF0, 0xE0, 0x61, 0x80, 
    0x63, 0x00, 0x66, 0x00, 0x6C, 0x00, 0x78, 0x00, 0x78, 0x00, 0x7C, 0x00, 
    0x6E, 0x00, 0x67, 0x00, 0x63, 0x80, 0x61, 0xC0, 0x60, 0xE0, 0xF0, 0x70, 
    0x00, 0x00, 0x00, 0x00, 0x00, 0x00, 0x00, 0x00, 0x00, 0x00, 0x00, 0x00, 
    0x00, 0x00, 0x00, 0x00, 0x00, 0x00, 0x00, 0x00, 0x00, 0x00, 0x00, 0x00, 
    0x00, 0x00, 0x00, 0x00, 0x00, 0x00, 0x78, 0x00, 0x30, 0x00, 0x30, 0x00, 
    0x30, 0x00, 0x30, 0x00, 0x30, 0x00, 0x30, 0x00, 0x30, 0x00, 0x30, 0x00, 
    0x30, 0x00, 0x30, 0x00, 0x30, 0x20, 0x30, 0x20, 0x7F, 0xE0, 0x00, 0x00, 
    0x00, 0x00, 0x00, 0x00, 0x00, 0x00, 0x00, 0x00, 0x00, 0x00, 0x00, 0x00, 
    0x00, 0x00, 0x00, 0x00, 0x00, 0x00, 0x00, 0x00, 0x00, 0x00, 0x00, 0x00, 
    0x00, 0x00, 0x00, 0x00, 0xE0, 0x70, 0x60, 0xE0, 0x70, 0xE0, 0x70, 0xE0, 
    0x70, 0xE0, 0x59, 0x60, 0x59, 0x60, 0x59, 0x60, 0x4D, 0x60, 0x4E, 0x60, 
    0x4E, 0x60, 0x44, 0x60, 0x44, 0x60, 0xE4, 0xF0, 0x00, 0x00, 0x00, 0x00, 
    0x00, 0x00, 0x00, 0x00, 0x00, 0x00, 0x00, 0x00, 0x00, 0x00, 0x00, 0x00, 
    0x00, 0x00, 0x00, 0x00, 0x00, 0x00, 0x00, 0x00, 0x00, 0x00, 0x00, 0x00, 
    0x00, 0x00, 0xC0, 0x70, 0x60, 0x20, 0x70, 0x20, 0x78, 0x20, 0x58, 0x20, 
    0x4C, 0x20, 0x46, 0x20, 0x47, 0x20, 0x43, 0x20, 0x41, 0xA0, 0x40, 0xE0, 
    0x40, 0xE0, 0x40, 0x60, 0xE0, 0x30, 0x00, 0x00, 0x00, 0x00, 0x00, 0x00, 
    0x00, 0x00, 0x00, 0x00, 0x00, 0x00, 0x00, 0x00, 0x00, 0x00, 0x00, 0x00, 
    0x00, 0x00, 0x00, 0x00, 0x00, 0x00, 0x00, 0x00, 0x00, 0x00, 0x00, 0x00, 
    0x0F, 0x00, 0x11, 0xC0, 0x20, 0xC0, 0x20, 0x60, 0x60, 0x60, 0x60, 0x60, 
    0x60, 0x60, 0x60, 0x60, 0x60, 0x60, 0x60, 0x60, 0x20, 0x40, 0x30, 0x40, 
    0x18, 0x80, 0x0F, 0x00, 0x00, 0x00, 0x00, 0x00, 0x00, 0x00, 0x00, 0x00, 
    0x00, 0x00, 0x00, 0x00, 0x00, 0x00, 0x00, 0x00, 0x00, 0x00, 0x00, 0x00, 
    0x00, 0x00, 0x00, 0x00, 0x00, 0x00, 0x00, 0x00, 0x00, 0x00, 0x7F, 0x80, 
    0x30, 0xC0, 0x30, 0x60, 0x30, 0x60, 0x30, 0x60, 0x30, 0xC0, 0x37, 0x80, 
    0x30, 0x00, 0x30, 0x00, 0x30, 0x00, 0x30, 0x00, 0x30, 0x00, 0x30, 0x00, 
    0x78, 0x00, 0x00, 0x00, 0x00, 0x00, 0x00, 0x00, 0x00, 0x00, 0x00, 0x00, 
    0x00, 0x00, 0x00, 0x00, 0x00, 0x00, 0x00, 0x00, 0x00, 0x00, 0x00, 0x00, 
    0x00, 0x00, 0x00, 0x00, 0x00, 0x00, 0x00, 0x00, 0x0F, 0x00, 0x11, 0xC0, 
    0x20, 0xC0, 0x20, 0x60, 0x60, 0x60, 0x60, 0x60, 0x60, 0x60, 0x60, 0x60, 
    0x60, 0x60, 0x60, 0x60, 0x30, 0x40, 0x38, 0x40, 0x1F, 0x80, 0x0E, 0x00, 
    0x1F, 0x00, 0x23, 0x90, 0x01, 0xE0, 0x00, 0x00, 0x00, 0x00, 0x00, 0x00, 
    0x00, 0x00, 0x00, 0x00, 0x00, 0x00, 0x00, 0x00, 0x00, 0x00, 0x00, 0x00, 
    0x00, 0x00, 0x00, 0x00, 0x00, 0x00, 0xFF, 0x00, 0x61, 0x80, 0x60, 0xC0, 
    0x60, 0xC0, 0x60, 0xC0, 0x60, 0x80, 0x7F, 0x00, 0x7C, 0x00, 0x6E, 0x00, 
    0x67, 0x00, 0x63, 0x80, 0x61, 0xC0, 0x60, 0xE0, 0xF0, 0x70, 0x00, 0x00, 
    0x00, 0x00, 0x00, 0x00, 0x00, 0x00, 0x00, 0x00, 0x00, 0x00, 0x00, 0x00, 
    0x00, 0x00, 0x00, 0x00, 0x00, 0x00, 0x00, 0x00, 0x00, 0x00, 0x00, 0x00, 
    0x00, 0x00, 0x00, 0x00, 0x1F, 0xE0, 0x30, 0x60, 0x60, 0x20, 0x60, 0x20, 
    0x70, 0x00, 0x3C, 0x00, 0x1E, 0x00, 0x07, 0x80, 0x01, 0xC0, 0x00, 0xE0, 
    0x40, 0x60, 0x40, 0x60, 0x60, 0xC0, 0x7F, 0x80, 0x00, 0x00, 0x00, 0x00, 
    0x00, 0x00, 0x00, 0x00, 0x00, 0x00, 0x00, 0x00, 0x00, 0x00, 0x00, 0x00, 
    0x00, 0x00, 0x00, 0x00, 0x00, 0x00, 0x00, 0x00, 0x00, 0x00, 0x00, 0x00, 
    0x00, 0x00, 0x7F, 0xE0, 0x46, 0x20, 0x06, 0x00, 0x06, 0x00, 0x06, 0x00, 
    0x06, 0x00, 0x06, 0x00, 0x06, 0x00, 0x06, 0x00, 0x06, 0x00, 0x06, 0x00, 
    0x06, 0x00, 0x06, 0x00, 0x1F, 0x80, 0x00, 0x00, 0x00, 0x00, 0x00, 0x00, 
    0x00, 0x00, 0x00, 0x00, 0x00, 0x00, 0x00, 0x00, 0x00, 0x00, 0x00, 0x00, 
    0x00, 0x00, 0x00, 0x00, 0x00, 0x00, 0x00, 0x00, 0x00, 0x00, 0x00, 0x00, 
    0xF0, 0x70, 0x60, 0x20, 0x60, 0x20, 0x60, 0x20, 0x60, 0x20, 0x60, 0x20, 
    0x60, 0x20, 0x60, 0x20, 0x60, 0x20, 0x60, 0x20, 0x60, 0x20, 0x70, 0x40, 
    0x3F, 0xC0, 0x1F, 0x80, 0x00, 0x00, 0x00, 0x00, 0x00, 0x00, 0x00, 0x00, 
    0x00, 0x00, 0x00, 0x00, 0x00, 0x00, 0x00, 0x00, 0x00, 0x00, 0x00, 0x00, 
    0x00, 0x00, 0x00, 0x00, 0x00, 0x00, 0x00, 0x00, 0x00, 0x00, 0xE0, 0xE0, 
    0x60, 0x40, 0x30, 0x80, 0x30, 0x80, 0x30, 0x80, 0x19, 0x00, 0x19, 0x00, 
    0x19, 0x00, 0x0A, 0x00, 0x0E, 0x00, 0x0E, 0x00, 0x04, 0x00, 0x04, 0x00, 
    0x04, 0x00, 0x00, 0x00, 0x00, 0x00, 0x00, 0x00, 0x00, 0x00, 0x00, 0x00, 
    0x00, 0x00, 0x00, 0x00, 0x00, 0x00, 0x00, 0x00, 0x00, 0x00, 0x00, 0x00, 
    0x00, 0x00, 0x00, 0x00, 0x00, 0x00, 0x00, 0x00, 0xFE, 0xF0, 0x66, 0x20, 
    0x66, 0x20, 0x66, 0x20, 0x76, 0x20, 0x77, 0x40, 0x33, 0x40, 0x37, 0x40, 
    0x3B, 0xC0, 0x3B, 0x80, 0x19, 0x80, 0x19, 0x80, 0x19, 0x80, 0x19, 0x80, 
    0x00, 0x00, 0x00, 0x00, 0x00, 0x00, 0x00, 0x00, 0x00, 0x00, 0x00, 0x00, 
    0x00, 0x00, 0x00, 0x00, 0x00, 0x00, 0x00, 0x00, 0x00, 0x00, 0x00, 0x00, 
    0x00, 0x00, 0x00, 0x00, 0x00, 0x00, 0xF0, 0x70, 0x60, 0x20, 0x30, 0x40, 
    0x38, 0x80, 0x18, 0x80, 0x0D, 0x00, 0x06, 0x00, 0x06, 0x00, 0x0B, 0x00, 
    0x11, 0x80, 0x11, 0xC0, 0x20, 0xC0, 0x40, 0x60, 0xE0, 0xF0, 0x00, 0x00, 
    0x00, 0x00, 0x00, 0x00, 0x00, 0x00, 0x00, 0x00, 0x00, 0x00, 0x00, 0x00, 
    0x00, 0x00, 0x00, 0x00, 0x00, 0x00, 0x00, 0x00, 0x00, 0x00, 0x00, 0x00, 
    0x00, 0x00, 0x00, 0x00, 0xF0, 0x70, 0x60, 0x20, 0x30, 0x40, 0x18, 0x80, 
    0x18, 0x80, 0x0D, 0x00, 0x06, 0x00, 0x06, 0x00, 0x06, 0x00, 0x06, 0x00, 
    0x06, 0x00, 0x06, 0x00, 0x06, 0x00, 0x0F, 0x00, 0x00, 0x00, 0x00, 0x00, 
    0x00, 0x00, 0x00, 0x00, 0x00, 0x00, 0x00, 0x00, 0x00, 0x00, 0x00, 0x00, 
    0x00, 0x00, 0x00, 0x00, 0x00, 0x00, 0x00, 0x00, 0x00, 0x00, 0x00, 0x00, 
    0x00, 0x00, 0x3F, 0xE0, 0x20, 0xC0, 0x00, 0xC0, 0x01, 0x80, 0x01, 0x80, 
    0x03, 0x00, 0x03, 0x00, 0x06, 0x00, 0x06, 0x00, 0x0C, 0x00, 0x0C, 0x00, 
    0x18, 0x00, 0x18, 0x20, 0x3F, 0xE0, 0x00, 0x00, 0x00, 0x00, 0x00, 0x00, 
    0x00, 0x00, 0x00, 0x00, 0x00, 0x00, 0x00, 0x00, 0x00, 0x00, 0x00, 0x00, 
    0x00, 0x00, 0x00, 0x00, 0x00, 0x00, 0x00, 0x00, 0x00, 0x00, 0x0F, 0x80, 
    0x0F, 0x80, 0x0C, 0x00, 0x0C, 0x00, 0x0C, 0x00, 0x0C, 0x00, 0x0C, 0x00, 
    0x0C, 0x00, 0x0C, 0x00, 0x0C, 0x00, 0x0C, 0x00, 0x0C, 0x00, 0x0C, 0x00, 
    0x0F, 0x80, 0x0F, 0x80, 0x00, 0x00, 0x00, 0x00, 0x00, 0x00, 0x00, 0x00, 
    0x00, 0x00, 0x00, 0x00, 0x00, 0x00, 0x00, 0x00, 0x00, 0x00, 0x00, 0x00, 
    0x00, 0x00, 0x00, 0x00, 0x00, 0x00, 0x00, 0x00, 0x60, 0x00, 0x30, 0x00, 
    0x30, 0x00, 0x18, 0x00, 0x18, 0x00, 0x0C, 0x00, 0x0C, 0x00, 0x06, 0x00, 
    0x06, 0x00, 0x03, 0x00, 0x03, 0x00, 0x01, 0x80, 0x01, 0x80, 0x00, 0xC0, 
    0x00, 0xC0, 0x00, 0x60, 0x00, 0x00, 0x00, 0x00, 0x00, 0x00, 0x00, 0x00, 
    0x00, 0x00, 0x00, 0x00, 0x00, 0x00, 0x00, 0x00, 0x00, 0x00, 0x00, 0x00, 
    0x00, 0x00, 0x00, 0x00, 0x00, 0x00, 0x1F, 0x00, 0x1F, 0x00, 0x03, 0x00, 
    0x03, 0x00, 0x03, 0x00, 0x03, 0x00, 0x03, 0x00, 0x03, 0x00, 0x03, 0x00, 
    0x03, 0x00, 0x03, 0x00, 0x03, 0x00, 0x03, 0x00, 0x1F, 0x00, 0x1F, 0x00, 
    0x00, 0x00, 0x00, 0x00, 0x00, 0x00, 0x00, 0x00, 0x00, 0x00, 0x00, 0x00, 
    0x00, 0x00, 0x00, 0x00, 0x00, 0x00, 0x00, 0x00, 0x00, 0x00, 0x00, 0x00, 
    0x00, 0x00, 0x00, 0x00, 0x04, 0x00, 0x0E, 0x00, 0x1B, 0x00, 0x31, 0x80, 
    0x60, 0xC0, 0xC0, 0x60, 0x00, 0x00, 0x00, 0x00, 0x00, 0x00, 0x00, 0x00, 
    0x00, 0x00, 0x00, 0x00, 0x00, 0x00, 0x00, 0x00, 0x00, 0x00, 0x00, 0x00, 
    0x00, 0x00, 0x00, 0x00, 0x00, 0x00, 0x00, 0x00, 0x00, 0x00, 0x00, 0x00, 
    0x00, 0x00, 0x00, 0x00, 0x00, 0x00, 0x00, 0x00, 0x00, 0x00, 0x00, 0x00, 
    0x00, 0x00, 0x00, 0x00, 0x00, 0x00, 0x00, 0x00, 0x00, 0x00, 0x00, 0x00, 
    0x00, 0x00, 0x00, 0x00, 0x00, 0x00, 0x00, 0x00, 0x00, 0x00, 0x00, 0x00, 
    0x00, 0x00, 0x00, 0x00, 0x00, 0x00, 0x00, 0x00, 0x00, 0x00, 0xFF, 0xF0, 
    0x00, 0x00, 0x00, 0x00, 0x00, 0x00, 0x00, 0x00, 0x00, 0x00, 0x00, 0x00, 
    0x00, 0x00, 0x00, 0x00, 0x00, 0x00, 0x00, 0x00, 0x00, 0x00, 0x01, 0x00, 
    0x03, 0x00, 0x06, 0x00, 0x06, 0x00, 0x07, 0x80, 0x07, 0x80, 0x03, 0x00, 
    0x00, 0x00, 0x00, 0x00, 0x00, 0x00, 0x00, 0x00, 0x00, 0x00, 0x00, 0x00, 
    0x00, 0x00, 0x00, 0x00, 0x00, 0x00, 0x00, 0x00, 0x00, 0x00, 0x00, 0x00, 
    0x00, 0x00, 0x00, 0x00, 0x00, 0x00, 0x00, 0x00, 0x00, 0x00, 0x00, 0x00, 
    0x00, 0x00, 0x00, 0x00, 0x00, 0x00, 0x00, 0x00, 0x00, 0x00, 0x00, 0x00, 
    0x00, 0x00, 0x00, 0x00, 0x00, 0x00, 0x00, 0x00, 0x0F, 0x80, 0x18, 0xC0, 
    0x10, 0xC0, 0x03, 0xC0, 0x1C, 0xC0, 0x30, 0xC0, 0x30, 0xC0, 0x30, 0xC0, 
    0x39, 0xC0, 0x1E, 0xE0, 0x00, 0x00, 0x00, 0x00, 0x00, 0x00, 0x00, 0x00, 
    0x00, 0x00, 0x00, 0x00, 0x00, 0x00, 0x00, 0x00, 0x00, 0x00, 0x00, 0x00, 
    0x00, 0x00, 0x00, 0x00, 0x00, 0x00, 0x00, 0x00, 0x20, 0x00, 0x60, 0x00, 
    0xE0, 0x00, 0x60, 0x00, 0x60, 0x00, 0x67, 0x80, 0x6F, 0xC0, 0x70, 0xE0, 
    0x60, 0x60, 0x60, 0x60, 0x60, 0x60, 0x60, 0x60, 0x70, 0x60, 0x78, 0xC0, 
    0x4F, 0x80, 0x00, 0x00, 0x00, 0x00, 0x00, 0x00, 0x00, 0x00, 0x00, 0x00, 
    0x00, 0x00, 0x00, 0x00, 0x00, 0x00, 0x00, 0x00, 0x00, 0x00, 0x00, 0x00, 
    0x00, 0x00, 0x00, 0x00, 0x00, 0x00, 0x00, 0x00, 0x00, 0x00, 0x00, 0x00, 
    0x00, 0x00, 0x00, 0x00, 0x1F, 0x80, 0x31, 0xC0, 0x20, 0xC0, 0x60, 0x00, 
    0x60, 0x00, 0x60, 0x00, 0x60, 0x00, 0x70, 0x40, 0x30, 0xC0, 0x1F, 0x80, 
    0x00, 0x00, 0x00, 0x00, 0x00, 0x00, 0x00, 0x00, 0x00, 0x00, 0x00, 0x00, 
    0x00, 0x00, 0x00, 0x00, 0x00, 0x00, 0x00, 0x00, 0x00, 0x00, 0x00, 0x00, 
    0x00, 0x00, 0x00, 0x00, 0x00, 0x60, 0x00, 0xE0, 0x00, 0x60, 0x00, 0x60, 
    0x00, 0x60, 0x0F, 0x60, 0x31, 0xE0, 0x20, 0xE0, 0x60, 0x60, 0x60, 0x60, 
    0x60, 0x60, 0x60, 0x60, 0x70, 0xE0, 0x39, 0x60, 0x1E, 0x70, 0x00, 0x00, 
    0x00, 0x00, 0x00, 0x00, 0x00, 0x00, 0x00, 0x00, 0x00, 0x00, 0x00, 0x00, 
    0x00, 0x00, 0x00, 0x00, 0x00, 0x00, 0x00, 0x00, 0x00, 0x00, 0x00, 0x00, 
    0x00, 0x00, 0x00, 0x00, 0x00, 0x00, 0x00, 0x00, 0x00, 0x00, 0x00, 0x00, 
    0x0F, 0x00, 0x30, 0xC0, 0x60, 0x60, 0x60, 0x60, 0x7F, 0xE0, 0x60, 0x00, 
    0x60, 0x00, 0x30, 0x00, 0x18, 0x60, 0x0F, 0x80, 0x00, 0x00, 0x00, 0x00, 
    0x00, 0x00, 0x00, 0x00, 0x00, 0x00, 0x00, 0x00, 0x00, 0x00, 0x00, 0x00, 
    0x00, 0x00, 0x00, 0x00, 0x00, 0x00, 0x00, 0x00, 0x00, 0x00, 0x00, 0x00, 
    0x03, 0x80, 0x04, 0xC0, 0x04, 0xC0, 0x0C, 0x00, 0x0C, 0x00, 0x0C, 0x00, 
    0x0C, 0x00, 0x3F, 0x80, 0x0C, 0x00, 0x0C, 0x00, 0x0C, 0x00, 0x0C, 0x00, 
    0x0C, 0x00, 0x0C, 0x00, 0x1E, 0x00, 0x00, 0x00, 0x00, 0x00, 0x00, 0x00, 
    0x00, 0x00, 0x00, 0x00, 0x00, 0x00, 0x00, 0x00, 0x00, 0x00, 0x00, 0x00, 
    0x00, 0x00, 0x00, 0x00, 0x00, 0x00, 0x00, 0x00, 0x00, 0x00, 0x00, 0x00, 
    0x00, 0x00, 0x00, 0x00, 0x00, 0x00, 0x00, 0x00, 0x1F, 0x20, 0x31, 0xE0, 
    0x60, 0xC0, 0x60, 0xC0, 0x60, 0xC0, 0x31, 0x80, 0x3F, 0x00, 0x60, 0x00, 
    0x7F, 0xC0, 0x3F, 0xE0, 0x20, 0x60, 0x40, 0x20, 0x40, 0x20, 0x7F, 0xC0, 
    0x3F, 0x80, 0x00, 0x00, 0x00, 0x00, 0x00, 0x00, 0x00, 0x00, 0x00, 0x00, 
    0x00, 0x00, 0x00, 0x00, 0x00, 0x00, 0x00, 0x00, 0x10, 0x00, 0x30, 0x00, 
    0x70, 0x00, 0x30, 0x00, 0x30, 0x00, 0x37, 0x80, 0x39, 0xC0, 0x30, 0xC0, 
    0x30, 0xC0, 0x30, 0xC0, 0x30, 0xC0, 0x30, 0xC0, 0x30, 0xC0, 0x30, 0xC0, 
    0x79, 0xE0, 0x00, 0x00, 0x00, 0x00, 0x00, 0x00, 0x00, 0x00, 0x00, 0x00, 
    0x00, 0x00, 0x00, 0x00, 0x00, 0x00, 0x00, 0x00, 0x00, 0x00, 0x00, 0x00, 
    0x00, 0x00, 0x00, 0x00, 0x00, 0x00, 0x00, 0x00, 0x06, 0x00, 0x06, 0x00, 
    0x00, 0x00, 0x00, 0x00, 0x1E, 0x00, 0x06, 0x00, 0x06, 0x00, 0x06, 0x00, 
    0x06, 0x00, 0x06, 0x00, 0x06, 0x00, 0x06, 0x00, 0x06, 0x00, 0x1F, 0x80, 
    0x00, 0x00, 0x00, 0x00, 0x00, 0x00, 0x00, 0x00, 0x00, 0x00, 0x00, 0x00, 
    0x00, 0x00, 0x00, 0x00, 0x00, 0x00, 0x00, 0x00, 0x00, 0x00, 0x00, 0x00, 
    0x00, 0x00, 0x00, 0x00, 0x00, 0x00, 0x01, 0x80, 0x01, 0x80, 0x00, 0x00, 
    0x00, 0x00, 0x07, 0x80, 0x01, 0x80, 0x01, 0x80, 0x01, 0x80, 0x01, 0x80, 
    0x01, 0x80, 0x01, 0x80, 0x01, 0x80, 0x01, 0x80, 0x01, 0x80, 0x41, 0x80, 
    0x61, 0x80, 0x71, 0x00, 0x3E, 0x00, 0x1C, 0x00, 0x00, 0x00, 0x00, 0x00, 
    0x00, 0x00, 0x00, 0x00, 0x00, 0x00, 0x00, 0x00, 0x00, 0x00, 0x00, 0x00, 
    0x00, 0x00, 0x30, 0x00, 0x70, 0x00, 0x30, 0x00, 0x30, 0x00, 0x30, 0x00, 
    0x30, 0xE0, 0x31, 0x80, 0x33, 0x00, 0x3E, 0x00, 0x3C, 0x00, 0x3E, 0x00, 
    0x37, 0x00, 0x33, 0x80, 0x31, 0xC0, 0x78, 0xF0, 0x00, 0x00, 0x00, 0x00, 
    0x00, 0x00, 0x00, 0x00, 0x00, 0x00, 0x00, 0x00, 0x00, 0x00, 0x00, 0x00, 
    0x00, 0x00, 0x00, 0x00, 0x00, 0x00, 0x00, 0x00, 0x00, 0x00, 0x00, 0x00, 
    0x1E, 0x00, 0x06, 0x00, 0x06, 0x00, 0x06, 0x00, 0x06, 0x00, 0x06, 0x00, 
    0x06, 0x00, 0x06, 0x00, 0x06, 0x00, 0x06, 0x00, 0x06, 0x00, 0x06, 0x00, 
    0x06, 0x00, 0x06, 0x00, 0x1F, 0x80, 0x00, 0x00, 0x00, 0x00, 0x00, 0x00, 
    0x00, 0x00, 0x00, 0x00, 0x00, 0x00, 0x00, 0x00, 0x00, 0x00, 0x00, 0x00, 
    0x00, 0x00, 0x00, 0x00, 0x00, 0x00, 0x00, 0x00, 0x00, 0x00, 0x00, 0x00, 
    0x00, 0x00, 0x00, 0x00, 0x00, 0x00, 0x00, 0x00, 0xDD, 0xC0, 0x6E, 0xE0, 
    0x66, 0x60, 0x66, 0x60, 0x66, 0x60, 0x66, 0x60, 0x66, 0x60, 0x66, 0x60, 
    0x66, 0x60, 0xEF, 0x70, 0x00, 0x00, 0x00, 0x00, 0x00, 0x00, 0x00, 0x00, 
    0x00, 0x00, 0x00, 0x00, 0x00, 0x00, 0x00, 0x00, 0x00, 0x00, 0x00, 0x00, 
    0x00, 0x00, 0x00, 0x00, 0x00, 0x00, 0x00, 0x00, 0x00, 0x00, 0x00, 0x00, 
    0x00, 0x00, 0x00, 0x00, 0x00, 0x00, 0x27, 0x80, 0x79, 0xC0, 0x30, 0xC0, 
    0x30, 0xC0, 0x30, 0xC0, 0x30, 0xC0, 0x30, 0xC0, 0x30, 0xC0, 0x30, 0xC0, 
    0x79, 0xE0, 0x00, 0x00, 0x00, 0x00, 0x00, 0x00, 0x00, 0x00, 0x00, 0x00, 
    0x00, 0x00, 0x00, 0x00, 0x00, 0x00, 0x00, 0x00, 0x00, 0x00, 0x00, 0x00, 
    0x00, 0x00, 0x00, 0x00, 0x00, 0x00, 0x00, 0x00, 0x00, 0x00, 0x00, 0x00, 
    0x00, 0x00, 0x00, 0x00, 0x0F, 0x80, 0x11, 0xC0, 0x20, 0xE0, 0x60, 0x60, 
    0x60, 0x60, 0x60, 0x60, 0x60, 0x60, 0x70, 0x40, 0x38, 0x80, 0x1F, 0x00, 
    0x00, 0x00, 0x00, 0x00, 0x00, 0x00, 0x00, 0x00, 0x00, 0x00, 0x00, 0x00, 
    0x00, 0x00, 0x00, 0x00, 0x00, 0x00, 0x00, 0x00, 0x00, 0x00, 0x00, 0x00, 
    0x00, 0x00, 0x00, 0x00, 0x00, 0x00, 0x00, 0x00, 0x00, 0x00, 0x00, 0x00, 
    0x00, 0x00, 0xEF, 0x80, 0x71, 0xC0, 0x60, 0xE0, 0x60, 0x60, 0x60, 0x60, 
    0x60, 0x60, 0x60, 0x60, 0x60, 0x40, 0x70, 0x80, 0x7F, 0x00, 0x60, 0x00, 
    0x60, 0x00, 0x60, 0x00, 0x60, 0x00, 0xF0, 0x00, 0x00, 0x00, 0x00, 0x00, 
    0x00, 0x00, 0x00, 0x00, 0x00, 0x00, 0x00, 0x00, 0x00, 0x00, 0x00, 0x00, 
    0x00, 0x00, 0x00, 0x00, 0x00, 0x00, 0x00, 0x00, 0x00, 0x00, 0x00, 0x00, 
    0x0F, 0x20, 0x11, 0xE0, 0x20, 0xE0, 0x60, 0x60, 0x60, 0x60, 0x60, 0x60, 
    0x60, 0x60, 0x70, 0x60, 0x38, 0xE0, 0x1F, 0xE0, 0x00, 0x60, 0x00, 0x60, 
    0x00, 0x60, 0x00, 0x60, 0x00, 0xF0, 0x00, 0x00, 0x00, 0x00, 0x00, 0x00, 
    0x00, 0x00, 0x00, 0x00, 0x00, 0x00, 0x00, 0x00, 0x00, 0x00, 0x00, 0x00, 
    0x00, 0x00, 0x00, 0x00, 0x00, 0x00, 0x00, 0x00, 0x00, 0x00, 0x39, 0xC0, 
    0x1A, 0x60, 0x1C, 0x60, 0x18, 0x00, 0x18, 0x00, 0x18, 0x00, 0x18, 0x00, 
    0x18, 0x00, 0x18, 0x00, 0x3C, 0x00, 0x00, 0x00, 0x00, 0x00, 0x00, 0x00, 
    0x00, 0x00, 0x00, 0x00, 0x00, 0x00, 0x00, 0x00, 0x00, 0x00, 0x00, 0x00, 
    0x00, 0x00, 0x00, 0x00, 0x00, 0x00, 0x00, 0x00, 0x00, 0x00, 0x00, 0x00, 
    0x00, 0x00, 0x00, 0x00, 0x00, 0x00, 0x00, 0x00, 0x1F, 0xC0, 0x30, 0xC0, 
    0x30, 0x40, 0x38, 0x00, 0x1E, 0x00, 0x07, 0x80, 0x01, 0xC0, 0x20, 0xC0, 
    0x30, 0xC0, 0x3F, 0x80, 0x00, 0x00, 0x00, 0x00, 0x00, 0x00, 0x00, 0x00, 
    0x00, 0x00, 0x00, 0x00, 0x00, 0x00, 0x00, 0x00, 0x00, 0x00, 0x00, 0x00, 
    0x00, 0x00, 0x00, 0x00, 0x00, 0x00, 0x00, 0x00, 0x00, 0x00, 0x00, 0x00, 
    0x04, 0x00, 0x04, 0x00, 0x0C, 0x00, 0x7F, 0xC0, 0x0C, 0x00, 0x0C, 0x00, 
    0x0C, 0x00, 0x0C, 0x00, 0x0C, 0x00, 0x0C, 0x00, 0x0C, 0x20, 0x0E, 0x40, 
    0x07, 0x80, 0x00, 0x00, 0x00, 0x00, 0x00, 0x00, 0x00, 0x00, 0x00, 0x00, 
    0x00, 0x00, 0x00, 0x00, 0x00, 0x00, 0x00, 0x00, 0x00, 0x00, 0x00, 0x00, 
    0x00, 0x00, 0x00, 0x00, 0x00, 0x00, 0x00, 0x00, 0x00, 0x00, 0x00, 0x00, 
    0x00, 0x00, 0x00, 0x00, 0x79, 0xE0, 0x30, 0xC0, 0x30, 0xC0, 0x30, 0xC0, 
    0x30, 0xC0, 0x30, 0xC0, 0x30, 0xC0, 0x30, 0xC0, 0x39, 0xC0, 0x1E, 0x60, 
    0x00, 0x00, 0x00, 0x00, 0x00, 0x00, 0x00, 0x00, 0x00, 0x00, 0x00, 0x00, 
    0x00, 0x00, 0x00, 0x00, 0x00, 0x00, 0x00, 0x00, 0x00, 0x00, 0x00, 0x00, 
    0x00, 0x00, 0x00, 0x00, 0x00, 0x00, 0x00, 0x00, 0x00, 0x00, 0x00, 0x00, 
    0x00, 0x00, 0xF0, 0x70, 0x60, 0x20, 0x30, 0x40, 0x30, 0x40, 0x18, 0x80, 
    0x18, 0x80, 0x0D, 0x00, 0x0D, 0x00, 0x06, 0x00, 0x06, 0x00, 0x00, 0x00, 
    0x00, 0x00, 0x00, 0x00, 0x00, 0x00, 0x00, 0x00, 0x00, 0x00, 0x00, 0x00, 
    0x00, 0x00, 0x00, 0x00, 0x00, 0x00, 0x00, 0x00, 0x00, 0x00, 0x00, 0x00, 
    0x00, 0x00, 0x00, 0x00, 0x00, 0x00, 0x00, 0x00, 0x00, 0x00, 0x00, 0x00, 
    0xFF, 0x70, 0x66, 0x20, 0x66, 0x20, 0x66, 0x20, 0x37, 0x40, 0x3B, 0x40, 
    0x3B, 0x40, 0x19, 0x80, 0x19, 0x80, 0x19, 0x80, 0x00, 0x00, 0x00, 0x00, 
    0x00, 0x00, 0x00, 0x00, 0x00, 0x00, 0x00, 0x00, 0x00, 0x00, 0x00, 0x00, 
    0x00, 0x00, 0x00, 0x00, 0x00, 0x00, 0x00, 0x00, 0x00, 0x00, 0x00, 0x00, 
    0x00, 0x00, 0x00, 0x00, 0x00, 0x00, 0x00, 0x00, 0x00, 0x00, 0xF8, 0xF0, 
    0x70, 0x40, 0x38, 0x80, 0x1D, 0x00, 0x0E, 0x00, 0x07, 0x00, 0x0B, 0x80, 
    0x11, 0xC0, 0x20, 0xE0, 0xF1, 0xF0, 0x00, 0x00, 0x00, 0x00, 0x00, 0x00, 
    0x00, 0x00, 0x00, 0x00, 0x00, 0x00, 0x00, 0x00, 0x00, 0x00, 0x00, 0x00, 
    0x00, 0x00, 0x00, 0x00, 0x00, 0x00, 0x00, 0x00, 0x00, 0x00, 0x00, 0x00, 
    0x00, 0x00, 0x00, 0x00, 0x00, 0x00, 0x00, 0x00, 0xF0, 0xF0, 0x60, 0x20, 
    0x30, 0x40, 0x30, 0x40, 0x18, 0x80, 0x18, 0x80, 0x0D, 0x00, 0x0D, 0x00, 
    0x06, 0x00, 0x06, 0x00, 0x04, 0x00, 0x0C, 0x00, 0x08, 0x00, 0x78, 0x00, 
    0x70, 0x00, 0x00, 0x00, 0x00, 0x00, 0x00, 0x00, 0x00, 0x00, 0x00, 0x00, 
    0x00, 0x00, 0x00, 0x00, 0x00, 0x00, 0x00, 0x00, 0x00, 0x00, 0x00, 0x00, 
    0x00, 0x00, 0x00, 0x00, 0x00, 0x00, 0x7F, 0xE0, 0x60, 0xE0, 0x41, 0xC0, 
    0x03, 0x80, 0x07, 0x00, 0x0E, 0x00, 0x1C, 0x00, 0x38, 0x20, 0x70, 0x60, 
    0x7F, 0xE0, 0x00, 0x00, 0x00, 0x00, 0x00, 0x00, 0x00, 0x00, 0x00, 0x00, 
    0x00, 0x00, 0x00, 0x00, 0x00, 0x00, 0x00, 0x00, 0x00, 0x00, 0x00, 0x00, 
    0x00, 0x00, 0x03, 0x80, 0x06, 0x00, 0x06, 0x00, 0x06, 0x00, 0x06, 0x00, 
    0x06, 0x00, 0x06, 0x00, 0x06, 0x00, 0x0C, 0x00, 0x38, 0x00, 0x0C, 0x00, 
    0x06, 0x00, 0x06, 0x00, 0x06, 0x00, 0x06, 0x00, 0x06, 0x00, 0x06, 0x00, 
    0x06, 0x00, 0x03, 0x80, 0x00, 0x00, 0x00, 0x00, 0x00, 0x00, 0x00, 0x00, 
    0x00, 0x00, 0x00, 0x00, 0x00, 0x00, 0x00, 0x00, 0x00, 0x00, 0x00, 0x00, 
    0x00, 0x00, 0x00, 0x00, 0x06, 0x00, 0x06, 0x00, 0x06, 0x00, 0x06, 0x00, 
    0x06, 0x00, 0x06, 0x00, 0x06, 0x00, 0x06, 0x00, 0x06, 0x00, 0x06, 0x00, 
    0x06, 0x00, 0x06, 0x00, 0x06, 0x00, 0x06, 0x00, 0x06, 0x00, 0x06, 0x00, 
    0x06, 0x00, 0x06, 0x00, 0x06, 0x00, 0x00, 0x00, 0x00, 0x00, 0x00, 0x00, 
    0x00, 0x00, 0x00, 0x00, 0x00, 0x00, 0x00, 0x00, 0x00, 0x00, 0x1C, 0x00, 
    0x06, 0x00, 0x06, 0x00, 0x06, 0x00, 0x06, 0x00, 0x06, 0x00, 0x06, 0x00, 
    0x06, 0x00, 0x03, 0x00, 0x01, 0xC0, 0x03, 0x00, 0x06, 0x00, 0x06, 0x00, 
    0x06, 0x00, 0x06, 0x00, 0x06, 0x00, 0x06, 0x00, 0x06, 0x00, 0x1C, 0x00, 
    0x00, 0x00, 0x00, 0x00, 0x00, 0x00, 0x00, 0x00, 0x00, 0x00, 0x00, 0x00, 
    0x00, 0x00, 0x00, 0x00, 0x00, 0x00, 0x00, 0x00, 0x00, 0x00, 0x00, 0x00, 
    0x00, 0x00, 0x00, 0x00, 0x00, 0x00, 0x00, 0x00, 0x00, 0x00, 0x00, 0x00, 
    0x1C, 0x20, 0x3E, 0x60, 0x67, 0xC0, 0x43, 0x80, 0x00, 0x00, 0x00, 0x00, 
    0x00, 0x00, 0x00, 0x00, 0x00, 0x00, 0x00, 0x00, 0x00, 0x00, 0x00, 0x00, 
    0x00, 0x00, 0x00, 0x00, 0x00, 0x00, 0x00, 0x00, 0x00, 0x00, 0x00, 0x00, 
    0x00, 0x00, 0x00, 0x00, 0x00, 0x00, 0x00, 0x00, 0x00, 0x00, 0x00, 0x00, 
    0x07, 0xF0, 0x07, 0x10, 0x0B, 0x00, 0x0B, 0x00, 0x0B, 0x00, 0x13, 0x00, 
    0x13, 0x20, 0x1F, 0xE0, 0x23, 0x20, 0x23, 0x00, 0x23, 0x00, 0x43, 0x00, 
    0x43, 0x10, 0xE3, 0xF0, 0x00, 0x00, 0x00, 0x00, 0x00, 0x00, 0x00, 0x00, 
    0x00, 0x00, 0x00, 0x00, 0x00, 0x00, 0x00, 0x00, 0x00, 0x00, 0x00, 0x00, 
    0x00, 0x00, 0x00, 0x00, 0x00, 0x00, 0x00, 0x00, 0x00, 0x00, 0x00, 0x00, 
    0x00, 0x00, 0x00, 0x00, 0x00, 0x00, 0x3D, 0xE0, 0x66, 0x30, 0x46, 0x30, 
    0x06, 0x30, 0x3F, 0xF0, 0x66, 0x00, 0xC6, 0x00, 0xC6, 0x00, 0xE7, 0x30, 
    0x7D, 0xE0, 0x00, 0x00, 0x00, 0x00, 0x00, 0x00, 0x00, 0x00, 0x00, 0x00, 
    0x00, 0x00, 0x00, 0x00, 0x00, 0x00, 0x00, 0x00, 0x00, 0x00, 0x00, 0x00, 
    0x00, 0x00, 0x00, 0x00, 0x00, 0x00, 0x00, 0x00, 0xFF, 0x00, 0x61, 0xC0, 
    0x60, 0xC0, 0x60, 0x60, 0x60, 0x60, 0x60, 0x60, 0x60, 0x60, 0xF8, 0x60, 
    0x60, 0x60, 0x60, 0x60, 0x60, 0x60, 0x60, 0x40, 0x61, 0x80, 0xFE, 0x00, 
    0x00, 0x00, 0x00, 0x00, 0x00, 0x00, 0x00, 0x00, 0x00, 0x00, 0x00, 0x00, 
    0x00, 0x00, 0x00, 0x00, 0x00, 0x00, 0x00, 0x00, 0x00, 0x00, 0x00, 0x00, 
    0x00, 0x00, 0x00, 0x00, 0x1C, 0x00, 0x06, 0xC0, 0x03, 0x00, 0x0D, 0x80, 
    0x00, 0xC0, 0x0E, 0xC0, 0x33, 0xC0, 0x20, 0xC0, 0x60, 0xC0, 0x60, 0xC0, 
    0x60, 0xC0, 0x60, 0xC0, 0x70, 0xC0, 0x39, 0x80, 0x1F, 0x80, 0x00, 0x00, 
    0x00, 0x00, 0x00, 0x00, 0x00, 0x00, 0x00, 0x00, 0x00, 0x00, 0x00, 0x00, 
    0x00, 0x00, 0x00, 0x00, 0x00, 0x00, 0x00, 0x00, 0x00, 0x00, 0x00, 0x00, 
    0x00, 0x00, 0x00, 0x20, 0x0F, 0x60, 0x11, 0xC0, 0x21, 0xC0, 0x21, 0xE0, 
    0x63, 0x60, 0x63, 0x60, 0x66, 0x60, 0x66, 0x60, 0x6C, 0x60, 0x6C, 0x60, 
    0x38, 0x40, 0x38, 0x40, 0x38, 0x80, 0x6F, 0x00, 0x40, 0x00, 0x00, 0x00, 
    0x00, 0x00, 0x00, 0x00, 0x00, 0x00, 0x00, 0x00, 0x00, 0x00, 0x00, 0x00, 
    0x00, 0x00, 0x00, 0x00, 0x00, 0x00, 0x00, 0x00, 0x00, 0x00, 0x00, 0x00, 
    0x00, 0x00, 0x00, 0x00, 0x00, 0x00, 0x00, 0x00, 0x00, 0xC0, 0x0F, 0x80, 
    0x11, 0xC0, 0x23, 0xE0, 0x63, 0x60, 0x66, 0x60, 0x66, 0x60, 0x6C, 0x60, 
    0x7C, 0x40, 0x38, 0x80, 0x1F, 0x00, 0x30, 0x00, 0x00, 0x00, 0x00, 0x00, 
    0x00, 0x00, 0x00, 0x00, 0x00, 0x00, 0x00, 0x00, 0x00, 0x00, 0x00, 0x00, 
    0x00, 0x00, 0x00, 0x00, 0x00, 0x00, 0x00, 0x00, 0x00, 0x00, 0x00, 0x00, 
    0x78, 0x00, 0x30, 0x00, 0x30, 0x00, 0x3F, 0x80, 0x30, 0xC0, 0x30, 0x60, 
    0x30, 0x60, 0x30, 0x60, 0x30, 0x60, 0x30, 0xC0, 0x37, 0x80, 0x30, 0x00, 
    0x30, 0x00, 0x78, 0x00, 0x00, 0x00, 0x00, 0x00, 0x00, 0x00, 0x00, 0x00, 
    0x00, 0x00, 0x00, 0x00, 0x00, 0x00, 0x00, 0x00, 0x00, 0x00, 0x00, 0x00, 
    0x00, 0x00, 0x00, 0x00, 0x00, 0x00, 0x00, 0x00, 0x20, 0x00, 0x60, 0x00, 
    0xE0, 0x00, 0x60, 0x00, 0x60, 0x00, 0x67, 0x80, 0x6F, 0xC0, 0x70, 0xE0, 
    0x60, 0x60, 0x60, 0x60, 0x60, 0x60, 0x60, 0x60, 0x70, 0x60, 0x78, 0xC0, 
    0x6F, 0x80, 0x60, 0x00, 0x60, 0x00, 0x60, 0x00, 0x60, 0x00, 0x70, 0x00, 
    0x00, 0x00, 0x00, 0x00, 0x00, 0x00, 0x00, 0x00, 0x00, 0x00, 0x00, 0x00, 
    0x00, 0x00, 0x00, 0x00, 0x00, 0x00, 0x00, 0x00, 0x4F, 0x80, 0xF0, 0xE0, 
    0x60, 0x60, 0x60, 0x60, 0x60, 0x60, 0x60, 0x60, 0x60, 0x60, 0x60, 0x60, 
    0x60, 0x60, 0x60, 0x60, 0x60, 0x60, 0x60, 0x60, 0x60, 0xE0, 0xF0, 0xC0, 
    0x00, 0xC0, 0x01, 0x80, 0x0B, 0x00, 0x0E, 0x00, 0x00, 0x00, 0x00, 0x00, 
    0x00, 0x00, 0x00, 0x00, 0x00, 0x00, 0x00, 0x00, 0x00, 0x00, 0x00, 0x00, 
    0x00, 0x00, 0x00, 0x00, 0x00, 0x00, 0x00, 0x00, 0x00, 0x00, 0x00, 0x00, 
    0x00, 0x00, 0x27, 0x80, 0x79, 0xC0, 0x30, 0xC0, 0x30, 0xC0, 0x30, 0xC0, 
    0x30, 0xC0, 0x30, 0xC0, 0x30, 0xC0, 0x30, 0xC0, 0x78, 0xC0, 0x01, 0x80, 
    0x03, 0x80, 0x16, 0x00, 0x1C, 0x00, 0x00, 0x00, 0x00, 0x00, 0x00, 0x00, 
    0x00, 0x00, 0x00, 0x00, 0x00, 0x00, 0x00, 0x00, 0x00, 0x00, 0x00, 0x00, 
    0x00, 0x00, 0x00, 0x00, 0x1D, 0xF0, 0x27, 0x10, 0x43, 0x00, 0xC3, 0x00, 
    0xC3, 0x00, 0xC3, 0x00, 0xC3, 0x20, 0xC3, 0xE0, 0xC3, 0x20, 0xC3, 0x00, 
    0xC3, 0x00, 0xE3, 0x00, 0x77, 0x10, 0x3D, 0xF0, 0x00, 0x00, 0x00, 0x00, 
    0x00, 0x00, 0x00, 0x00, 0x00, 0x00, 0x00, 0x00, 0x00, 0x00, 0x00, 0x00, 
    0x00, 0x00, 0x00, 0x00, 0x00, 0x00, 0x00, 0x00, 0x00, 0x00, 0x00, 0x00, 
    0x00, 0x00, 0x00, 0x00, 0x00, 0x00, 0x00, 0x00, 0x00, 0x00, 0x3D, 0xE0, 
    0x46, 0x30, 0xC6, 0x30, 0xC6, 0x30, 0xC7, 0xF0, 0xC6, 0x00, 0xC6, 0x00, 
    0xC6, 0x00, 0xE7, 0x30, 0x7D, 0xE0, 0x00, 0x00, 0x00, 0x00, 0x00, 0x00, 
    0x00, 0x00, 0x00, 0x00, 0x00, 0x00, 0x00, 0x00, 0x00, 0x00, 0x00, 0x00, 
    0x00, 0x00, 0x00, 0x00, 0x00, 0x00, 0x00, 0x00, 0x00, 0x00, 0x00, 0x00, 
    0x0F, 0x00, 0x11, 0xC0, 0x20, 0xC0, 0x60, 0x60, 0x00, 0x60, 0x00, 0x60, 
    0x00, 0x60, 0x7F, 0xE0, 0x60, 0x60, 0x60, 0x60, 0x20, 0x40, 0x30, 0x40, 
    0x18, 0x80, 0x0F, 0x00, 0x00, 0x00, 0x00, 0x00, 0x00, 0x00, 0x00, 0x00, 
    0x00, 0x00, 0x00, 0x00, 0x00, 0x00, 0x00, 0x00, 0x00, 0x00, 0x00, 0x00, 
    0x00, 0x00, 0x00, 0x00, 0x00, 0x00, 0x00, 0x00, 0x00, 0x00, 0x00, 0x00, 
    0x00, 0x00, 0x00, 0x00, 0x00, 0x00, 0x1F, 0x80, 0x31, 0xC0, 0x40, 0xE0, 
    0x00, 0x60, 0x00, 0x60, 0x7F, 0xE0, 0x60, 0x60, 0x70, 0x40, 0x38, 0x80, 
    0x1F, 0x00, 0x00, 0x00, 0x00, 0x00, 0x00, 0x00, 0x00, 0x00, 0x00, 0x00, 
    0x00, 0x00, 0x00, 0x00, 0x00, 0x00, 0x00, 0x00, 0x00, 0x00, 0x00, 0x00, 
    0x00, 0x00, 0x00, 0x00, 0x00, 0x00, 0x00, 0x00, 0x7F, 0xE0, 0x40, 0xC0, 
    0x01, 0x80, 0x03, 0x00, 0x06, 0x00, 0x0C, 0x00, 0x1F, 0x80, 0x00, 0xC0, 
    0x00, 0x60, 0x00, 0x60, 0x00, 0x60, 0x40, 0x60, 0x60, 0xC0, 0x1F, 0x80, 
    0x00, 0x00, 0x00, 0x00, 0x00, 0x00, 0x00, 0x00, 0x00, 0x00, 0x00, 0x00, 
    0x00, 0x00, 0x00, 0x00, 0x00, 0x00, 0x00, 0x00, 0x00, 0x00, 0x00, 0x00, 
    0x00, 0x00, 0x00, 0x00, 0x00, 0x00, 0x00, 0x00, 0x00, 0x00, 0x3F, 0xE0, 
    0x20, 0xC0, 0x03, 0x00, 0x0C, 0x00, 0x10, 0x00, 0x3F, 0x00, 0x21, 0xC0, 
    0x00, 0xE0, 0x00, 0x60, 0x00, 0x60, 0x00, 0x60, 0x00, 0x60, 0x20, 0xC0, 
    0x30, 0xC0, 0x39, 0x80, 0x1F, 0x00, 0x00, 0x00, 0x00, 0x00, 0x00, 0x00, 
    0x00, 0x00, 0x00, 0x00, 0x00, 0x00, 0x00, 0x00, 0x00, 0x00, 0x00, 0x00, 
    0x00, 0x00, 0x00, 0x00, 0x0F, 0x00, 0x19, 0x80, 0x30, 0xC0, 0x30, 0xC0, 
    0x30, 0xC0, 0x31, 0x80, 0x37, 0x80, 0x31, 0x80, 0x30, 0xC0, 0x30, 0xC0, 
    0x30, 0xC0, 0x30, 0xC0, 0x31, 0x80, 0x77, 0x00, 0x00, 0x00, 0x00, 0x00, 
    0x00, 0x00, 0x00, 0x00, 0x00, 0x00, 0x00, 0x00, 0x00, 0x00, 0x00, 0x00, 
    0x00, 0x00, 0x18, 0x00, 0x0C, 0x00, 0x06, 0x00, 0x03, 0x00, 0x00, 0x00, 
    0x00, 0x00, 0x06, 0x00, 0x06, 0x00, 0x0B, 0x00, 0x0B, 0x00, 0x09, 0x00, 
    0x11, 0x80, 0x11, 0x80, 0x10, 0x80, 0x3F, 0xC0, 0x20, 0xC0, 0x20, 0x40, 
    0x40, 0x60, 0x40, 0x60, 0xE0, 0xF0, 0x00, 0x00, 0x00, 0x00, 0x00, 0x00, 
    0x00, 0x00, 0x00, 0x00, 0x00, 0x00, 0x00, 0x00, 0x00, 0x00, 0x00, 0x00, 
    0x01, 0x80, 0x03, 0x00, 0x06, 0x00, 0x0C, 0x00, 0x00, 0x00, 0x00, 0x00, 
    0x06, 0x00, 0x06, 0x00, 0x0B, 0x00, 0x0B, 0x00, 0x09, 0x00, 0x11, 0x80, 
    0x11, 0x80, 0x10, 0x80, 0x3F, 0xC0, 0x20, 0xC0, 0x20, 0x40, 0x40, 0x60, 
    0x40, 0x60, 0xE0, 0xF0, 0x00, 0x00, 0x00, 0x00, 0x00, 0x00, 0x00, 0x00, 
    0x00, 0x00, 0x00, 0x00, 0x00, 0x00, 0x00, 0x00, 0x00, 0x00, 0x02, 0x00, 
    0x07, 0x00, 0x0D, 0x80, 0x18, 0xC0, 0x00, 0x00, 0x00, 0x00, 0x06, 0x00, 
    0x06, 0x00, 0x0B, 0x00, 0x0B, 0x00, 0x09, 0x00, 0x11, 0x80, 0x11, 0x80, 
    0x10, 0x80, 0x3F, 0xC0, 0x20, 0xC0, 0x20, 0x40, 0x40, 0x60, 0x40, 0x60, 
    0xE0, 0xF0, 0x00, 0x00, 0x00, 0x00, 0x00, 0x00, 0x00, 0x00, 0x00, 0x00, 
    0x00, 0x00, 0x00, 0x00, 0x00, 0x00, 0x00, 0x00, 0x00, 0x00, 0x1C, 0x40, 
    0x3F, 0xC0, 0x23, 0x80, 0x00, 0x00, 0x00, 0x00, 0x06, 0x00, 0x06, 0x00, 
    0x0B, 0x00, 0x0B, 0x00, 0x09, 0x00, 0x11, 0x80, 0x11, 0x80, 0x10, 0x80, 
    0x3F, 0xC0, 0x20, 0xC0, 0x20, 0x40, 0x40, 0x60, 0x40, 0x60, 0xE0, 0xF0, 
    0x00, 0x00, 0x00, 0x00, 0x00, 0x00, 0x00, 0x00, 0x00, 0x00, 0x00, 0x00, 
    0x00, 0x00, 0x00, 0x00, 0x00, 0x00, 0x00, 0x00, 0x00, 0x00, 0x19, 0x80, 
    0x19, 0x80, 0x00, 0x00, 0x00, 0x00, 0x06, 0x00, 0x06, 0x00, 0x0B, 0x00, 
    0x0B, 0x00, 0x09, 0x00, 0x11, 0x80, 0x11, 0x80, 0x10, 0x80, 0x3F, 0xC0, 
    0x20, 0xC0, 0x20, 0x40, 0x40, 0x60, 0x40, 0x60, 0xE0, 0xF0, 0x00, 0x00, 
    0x00, 0x00, 0x00, 0x00, 0x00, 0x00, 0x00, 0x00, 0x00, 0x00, 0x00, 0x00, 
    0x00, 0x00, 0x00, 0x00, 0x06, 0x00, 0x09, 0x00, 0x09, 0x00, 0x06, 0x00, 
    0x00, 0x00, 0x00, 0x00, 0x06, 0x00, 0x06, 0x00, 0x0B, 0x00, 0x0B, 0x00, 
    0x09, 0x00, 0x11, 0x80, 0x11, 0x80, 0x10, 0x80, 0x3F, 0xC0, 0x20, 0xC0, 
    0x20, 0x40, 0x40, 0x60, 0x40, 0x60, 0xE0, 0xF0, 0x00, 0x00, 0x00, 0x00, 
    0x00, 0x00, 0x00, 0x00, 0x00, 0x00, 0x00, 0x00, 0x00, 0x00, 0x00, 0x00, 
    0x00, 0x00, 0x00, 0x00, 0x00, 0x00, 0x00, 0x00, 0x1F, 0x80, 0x00, 0x00, 
    0x00, 0x00, 0x06, 0x00, 0x06, 0x00, 0x0B, 0x00, 0x0B, 0x00, 0x09, 0x00, 
    0x11, 0x80, 0x11, 0x80, 0x10, 0x80, 0x3F, 0xC0, 0x20, 0xC0, 0x20, 0x40, 
    0x40, 0x60, 0x40, 0x60, 0xE0, 0xF0, 0x00, 0x00, 0x00, 0x00, 0x00, 0x00, 
    0x00, 0x00, 0x00, 0x00, 0x00, 0x00, 0x00, 0x00, 0x00, 0x00, 0x00, 0x00, 
    0x00, 0x00, 0x00, 0x00, 0x19, 0x80, 0x0F, 0x00, 0x00, 0x00, 0x00, 0x00, 
    0x06, 0x00, 0x06, 0x00, 0x0B, 0x00, 0x0B, 0x00, 0x09, 0x00, 0x11, 0x80, 
    0x11, 0x80, 0x10, 0x80, 0x3F, 0xC0, 0x20, 0xC0, 0x20, 0x40, 0x40, 0x60, 
    0x40, 0x60, 0xE0, 0xF0, 0x00, 0x00, 0x00, 0x00, 0x00, 0x00, 0x00, 0x00, 
    0x00, 0x00, 0x00, 0x00, 0x00, 0x00, 0x00, 0x00, 0x00, 0x00, 0x00, 0x00, 
    0x00, 0x00, 0x00, 0x00, 0x00, 0x00, 0x00, 0x00, 0x00, 0x00, 0x06, 0x00, 
    0x06, 0x00, 0x0B, 0x00, 0x0B, 0x00, 0x09, 0x00, 0x11, 0x80, 0x11, 0x80, 
    0x10, 0x80, 0x3F, 0xC0, 0x20, 0xC0, 0x20, 0x40, 0x40, 0x60, 0x40, 0x60, 
    0xE0, 0xF0, 0x00, 0x40, 0x00, 0x80, 0x00, 0x80, 0x00, 0x60, 0x00, 0x00, 
    0x00, 0x00, 0x00, 0x00, 0x00, 0x00, 0x00, 0x00, 0x00, 0x00, 0x00, 0x00, 
    0x00, 0x00, 0x00, 0x00, 0x00, 0x00, 0x00, 0x00, 0x0F, 0xC0, 0x10, 0x60, 
    0x20, 0x20, 0x20, 0x00, 0x60, 0x00, 0x60, 0x00, 0x60, 0x00, 0x60, 0x00, 
    0x60, 0x00, 0x60, 0x00, 0x20, 0x00, 0x30, 0x20, 0x18, 0x40, 0x0F, 0x80, 
    0x06, 0x00, 0x03, 0x00, 0x01, 0x80, 0x0F, 0x00, 0x00, 0x00, 0x00, 0x00, 
    0x00, 0x00, 0x00, 0x00, 0x00, 0x00, 0x01, 0x80, 0x03, 0x00, 0x06, 0x00, 
    0x0C, 0x00, 0x00, 0x00, 0x00, 0x00, 0x0F, 0xC0, 0x10, 0x60, 0x20, 0x20, 
    0x20, 0x00, 0x60, 0x00, 0x60, 0x00, 0x60, 0x00, 0x60, 0x00, 0x60, 0x00, 
    0x60, 0x00, 0x20, 0x00, 0x30, 0x20, 0x18, 0x40, 0x0F, 0x80, 0x00, 0x00, 
    0x00, 0x00, 0x00, 0x00, 0x00, 0x00, 0x00, 0x00, 0x00, 0x00, 0x00, 0x00, 
    0x00, 0x00, 0x00, 0x00, 0x02, 0x00, 0x07, 0x00, 0x0D, 0x80, 0x18, 0xC0, 
    0x00, 0x00, 0x00, 0x00, 0x0F, 0xC0, 0x10, 0x60, 0x20, 0x20, 0x20, 0x00, 
    0x60, 0x00, 0x60, 0x00, 0x60, 0x00, 0x60, 0x00, 0x60, 0x00, 0x60, 0x00, 
    0x20, 0x00, 0x30, 0x20, 0x18, 0x40, 0x0F, 0x80, 0x00, 0x00, 0x00, 0x00, 
    0x00, 0x00, 0x00, 0x00, 0x00, 0x00, 0x00, 0x00, 0x00, 0x00, 0x00, 0x00, 
    0x00, 0x00, 0x00, 0x00, 0x00, 0x00, 0x03, 0x00, 0x03, 0x00, 0x00, 0x00, 
    0x00, 0x00, 0x0F, 0xC0, 0x10, 0x60, 0x20, 0x20, 0x20, 0x00, 0x60, 0x00, 
    0x60, 0x00, 0x60, 0x00, 0x60, 0x00, 0x60, 0x00, 0x60, 0x00, 0x20, 0x00, 
    0x30, 0x20, 0x18, 0x40, 0x0F, 0x80, 0x00, 0x00, 0x00, 0x00, 0x00, 0x00, 
    0x00, 0x00, 0x00, 0x00, 0x00, 0x00, 0x00, 0x00, 0x00, 0x00, 0x00, 0x00, 
    0x18, 0xC0, 0x0D, 0x80, 0x07, 0x00, 0x02, 0x00, 0x00, 0x00, 0x00, 0x00, 
    0x0F, 0xC0, 0x10, 0x60, 0x20, 0x20, 0x20, 0x00, 0x60, 0x00, 0x60, 0x00, 
    0x60, 0x00, 0x60, 0x00, 0x60, 0x00, 0x60, 0x00, 0x20, 0x00, 0x30, 0x20, 
    0x18, 0x40, 0x0F, 0x80, 0x00, 0x00, 0x00, 0x00, 0x00, 0x00, 0x00, 0x00, 
    0x00, 0x00, 0x00, 0x00, 0x00, 0x00, 0x00, 0x00, 0x00, 0x00, 0x63, 0x00, 
    0x36, 0x00, 0x1C, 0x00, 0x08, 0x00, 0x00, 0x00, 0x00, 0x00, 0xFF, 0x00, 
    0x61, 0xC0, 0x60, 0xC0, 0x60, 0x60, 0x60, 0x60, 0x60, 0x60, 0x60, 0x60, 
    0x60, 0x60, 0x60, 0x60, 0x60, 0x60, 0x60, 0x60, 0x60, 0x40, 0x61, 0x80, 
    0xFE, 0x00, 0x00, 0x00, 0x00, 0x00, 0x00, 0x00, 0x00, 0x00, 0x00, 0x00, 
    0x00, 0x00, 0x00, 0x00, 0x00, 0x00, 0x00, 0x00, 0x30, 0x00, 0x18, 0x00, 
    0x0C, 0x00, 0x06, 0x00, 0x00, 0x00, 0x00, 0x00, 0x7F, 0xC0, 0x30, 0x40, 
    0x30, 0x40, 0x30, 0x00, 0x30, 0x00, 0x30, 0x80, 0x3F, 0x80, 0x30, 0x80, 
    0x30, 0x00, 0x30, 0x00, 0x30, 0x00, 0x30, 0x20, 0x30, 0x20, 0x7F, 0xE0, 
    0x00, 0x00, 0x00, 0x00, 0x00, 0x00, 0x00, 0x00, 0x00, 0x00, 0x00, 0x00, 
    0x00, 0x00, 0x00, 0x00, 0x00, 0x00, 0x01, 0x80, 0x03, 0x00, 0x06, 0x00, 
    0x0C, 0x00, 0x00, 0x00, 0x00, 0x00, 0x7F, 0xC0, 0x30, 0x40, 0x30, 0x40, 
    0x30, 0x00, 0x30, 0x00, 0x30, 0x80, 0x3F, 0x80, 0x30, 0x80, 0x30, 0x00, 
    0x30, 0x00, 0x30, 0x00, 0x30, 0x20, 0x30, 0x20, 0x7F, 0xE0, 0x00, 0x00, 
    0x00, 0x00, 0x00, 0x00, 0x00, 0x00, 0x00, 0x00, 0x00, 0x00, 0x00, 0x00, 
    0x00, 0x00, 0x00, 0x00, 0x02, 0x00, 0x07, 0x00, 0x0D, 0x80, 0x18, 0xC0, 
    0x00, 0x00, 0x00, 0x00, 0x7F, 0xC0, 0x30, 0x40, 0x30, 0x40, 0x30, 0x00, 
    0x30, 0x00, 0x30, 0x80, 0x3F, 0x80, 0x30, 0x80, 0x30, 0x00, 0x30, 0x00, 
    0x30, 0x00, 0x30, 0x20, 0x30, 0x20, 0x7F, 0xE0, 0x00, 0x00, 0x00, 0x00, 
    0x00, 0x00, 0x00, 0x00, 0x00, 0x00, 0x00, 0x00, 0x00, 0x00, 0x00, 0x00, 
    0x00, 0x00, 0x00, 0x00, 0x00, 0x00, 0x19, 0x80, 0x19, 0x80, 0x00, 0x00, 
    0x00, 0x00, 0x7F, 0xC0, 0x30, 0x40, 0x30, 0x40, 0x30, 0x00, 0x30, 0x00, 
    0x30, 0x80, 0x3F, 0x80, 0x30, 0x80, 0x30, 0x00, 0x30, 0x00, 0x30, 0x00, 
    0x30, 0x20, 0x30, 0x20, 0x7F, 0xE0, 0x00, 0x00, 0x00, 0x00, 0x00, 0x00, 
    0x00, 0x00, 0x00, 0x00, 0x00, 0x00, 0x00, 0x00, 0x00, 0x00, 0x00, 0x00, 
    0x00, 0x00, 0x00, 0x00, 0x00, 0x00, 0x1F, 0x80, 0x00, 0x00, 0x00, 0x00, 
    0x7F, 0xC0, 0x30, 0x40, 0x30, 0x40, 0x30, 0x00, 0x30, 0x00, 0x30, 0x80, 
    0x3F, 0x80, 0x30, 0x80, 0x30, 0x00, 0x30, 0x00, 0x30, 0x00, 0x30, 0x20, 
    0x30, 0x20, 0x7F, 0xE0, 0x00, 0x00, 0x00, 0x00, 0x00, 0x00, 0x00, 0x00, 
    0x00, 0x00, 0x00, 0x00, 0x00, 0x00, 0x00, 0x00, 0x00, 0x00, 0x00, 0x00, 
    0x00, 0x00, 0x06, 0x00, 0x06, 0x00, 0x00, 0x00, 0x00, 0x00, 0x7F, 0xC0, 
    0x30, 0x40, 0x30, 0x40, 0x30, 0x00, 0x30, 0x00, 0x30, 0x80, 0x3F, 0x80, 
    0x30, 0x80, 0x30, 0x00, 0x30, 0x00, 0x30, 0x00, 0x30, 0x20, 0x30, 0x20, 
    0x7F, 0xE0, 0x00, 0x00, 0x00, 0x00, 0x00, 0x00, 0x00, 0x00, 0x00, 0x00, 
    0x00, 0x00, 0x00, 0x00, 0x00, 0x00, 0x00, 0x00, 0x00, 0x00, 0x00, 0x00, 
    0x00, 0x00, 0x00, 0x00, 0x00, 0x00, 0x00, 0x00, 0x7F, 0xC0, 0x30, 0x40, 
    0x30, 0x40, 0x30, 0x00, 0x30, 0x00, 0x30, 0x80, 0x3F, 0x80, 0x30, 0x80, 
    0x30, 0x00, 0x30, 0x00, 0x30, 0x00, 0x30, 0x20, 0x30, 0x20, 0x7F, 0xE0, 
    0x01, 0x00, 0x02, 0x00, 0x02, 0x00, 0x01, 0x80, 0x00, 0x00, 0x00, 0x00, 
    0x00, 0x00, 0x00, 0x00, 0x00, 0x00, 0x18, 0xC0, 0x0D, 0x80, 0x07, 0x00, 
    0x02, 0x00, 0x00, 0x00, 0x00, 0x00, 0x7F, 0xC0, 0x30, 0x40, 0x30, 0x40, 
    0x30, 0x00, 0x30, 0x00, 0x30, 0x80, 0x3F, 0x80, 0x30, 0x80, 0x30, 0x00, 
    0x30, 0x00, 0x30, 0x00, 0x30, 0x20, 0x30, 0x20, 0x7F, 0xE0, 0x00, 0x00, 
    0x00, 0x00, 0x00, 0x00, 0x00, 0x00, 0x00, 0x00, 0x00, 0x00, 0x00, 0x00, 
    0x00, 0x00, 0x00, 0x00, 0x02, 0x00, 0x07, 0x00, 0x0D, 0x80, 0x18, 0xC0, 
    0x00, 0x00, 0x00, 0x00, 0x0F, 0xC0, 0x10, 0x60, 0x20, 0x20, 0x20, 0x00, 
    0x60, 0x00, 0x60, 0x00, 0x60, 0x00, 0x60, 0x00, 0x61, 0xF0, 0x60, 0x60, 
    0x20, 0x60, 0x30, 0x60, 0x18, 0x60, 0x0F, 0x80, 0x00, 0x00, 0x00, 0x00, 
    0x00, 0x00, 0x00, 0x00, 0x00, 0x00, 0x00, 0x00, 0x00, 0x00, 0x00, 0x00, 
    0x00, 0x00, 0x00, 0x00, 0x00, 0x00, 0x0C, 0xC0, 0x07, 0x80, 0x00, 0x00, 
    0x00, 0x00, 0x0F, 0xC0, 0x10, 0x60, 0x20, 0x20, 0x20, 0x00, 0x60, 0x00, 
    0x60, 0x00, 0x60, 0x00, 0x60, 0x00, 0x61, 0xF0, 0x60, 0x60, 0x20, 0x60, 
    0x30, 0x60, 0x18, 0x60, 0x0F, 0x80, 0x00, 0x00, 0x00, 0x00, 0x00, 0x00, 
    0x00, 0x00, 0x00, 0x00, 0x00, 0x00, 0x00, 0x00, 0x00, 0x00, 0x00, 0x00, 
    0x00, 0x00, 0x00, 0x00, 0x03, 0x00, 0x03, 0x00, 0x00, 0x00, 0x00, 0x00, 
    0x0F, 0xC0, 0x10, 0x60, 0x20, 0x20, 0x20, 0x00, 0x60, 0x00, 0x60, 0x00, 
    0x60, 0x00, 0x60, 0x00, 0x61, 0xF0, 0x60, 0x60, 0x20, 0x60, 0x30, 0x60, 
    0x18, 0x60, 0x0F, 0x80, 0x00, 0x00, 0x00, 0x00, 0x00, 0x00, 0x00, 0x00, 
    0x00, 0x00, 0x00, 0x00, 0x00, 0x00, 0x00, 0x00, 0x00, 0x00, 0x00, 0x00, 
    0x00, 0x00, 0x00, 0x00, 0x00, 0x00, 0x00, 0x00, 0x00, 0x00, 0x0F, 0xC0, 
    0x10, 0x60, 0x20, 0x20, 0x20, 0x00, 0x60, 0x00, 0x60, 0x00, 0x60, 0x00, 
    0x60, 0x00, 0x61, 0xF0, 0x60, 0x60, 0x20, 0x60, 0x30, 0x60, 0x18, 0x60, 
    0x0F, 0x80, 0x03, 0x00, 0x01, 0x80, 0x00, 0xC0, 0x07, 0x80, 0x00, 0x00, 
    0x00, 0x00, 0x00, 0x00, 0x00, 0x00, 0x00, 0x00, 0x00, 0x00, 0x00, 0x00, 
    0x00, 0x00, 0x00, 0x00, 0x00, 0x00, 0x00, 0x00, 0x0F, 0xC0, 0x10, 0x60, 
    0x20, 0x20, 0x20, 0x00, 0x60, 0x00, 0x60, 0x00, 0x60, 0x00, 0x61, 0xF0, 
    0x60, 0x60, 0x61, 0xF0, 0x20, 0x60, 0x30, 0x60, 0x18, 0x60, 0x0F, 0x80, 
    0x00, 0x00, 0x00, 0x00, 0x00, 0x00, 0x00, 0x00, 0x00, 0x00, 0x00, 0x00, 
    0x00, 0x00, 0x00, 0x00, 0x00, 0x00, 0x18, 0xC0, 0x0D, 0x80, 0x07, 0x00, 
    0x02, 0x00, 0x00, 0x00, 0x00, 0x00, 0x0F, 0xC0, 0x10, 0x60, 0x20, 0x20, 
    0x20, 0x00, 0x60, 0x00, 0x60, 0x00, 0x60, 0x00, 0x60, 0x00, 0x61, 0xF0, 
    0x60, 0x60, 0x20, 0x60, 0x30, 0x60, 0x18, 0x60, 0x0F, 0x80, 0x00, 0x00, 
    0x00, 0x00, 0x00, 0x00, 0x00, 0x00, 0x00, 0x00, 0x00, 0x00, 0x00, 0x00, 
    0x00, 0x00, 0x00, 0x00, 0x02, 0x00, 0x07, 0x00, 0x0D, 0x80, 0x18, 0xC0, 
    0x00, 0x00, 0x00, 0x00, 0xF0, 0xF0, 0x60, 0x60, 0x60, 0x60, 0x60, 0x60, 
    0x60, 0x60, 0x60, 0x60, 0x7F, 0xE0, 0x60, 0x60, 0x60, 0x60, 0x60, 0x60, 
    0x60, 0x60, 0x60, 0x60, 0x60, 0x60, 0xF0, 0xF0, 0x00, 0x00, 0x00, 0x00, 
    0x00, 0x00, 0x00, 0x00, 0x00, 0x00, 0x00, 0x00, 0x00, 0x00, 0x00, 0x00, 
    0x00, 0x00, 0x00, 0x00, 0x00, 0x00, 0x00, 0x00, 0x00, 0x00, 0x00, 0x00, 
    0x00, 0x00, 0xF0, 0xF0, 0x60, 0x60, 0x60, 0x60, 0xFF, 0xF0, 0x60, 0x60, 
    0x60, 0x60, 0x7F, 0xE0, 0x60, 0x60, 0x60, 0x60, 0x60, 0x60, 0x60, 0x60, 
    0x60, 0x60, 0x60, 0x60, 0xF0, 0xF0, 0x00, 0x00, 0x00, 0x00, 0x00, 0x00, 
    0x00, 0x00, 0x00, 0x00, 0x00, 0x00, 0x00, 0x00, 0x00, 0x00, 0x00, 0x00, 
    0x18, 0x00, 0x0C, 0x00, 0x06, 0x00, 0x03, 0x00, 0x00, 0x00, 0x00, 0x00, 
    0x1F, 0x80, 0x06, 0x00, 0x06, 0x00, 0x06, 0x00, 0x06, 0x00, 0x06, 0x00, 
    0x06, 0x00, 0x06, 0x00, 0x06, 0x00, 0x06, 0x00, 0x06, 0x00, 0x06, 0x00, 
    0x06, 0x00, 0x1F, 0x80, 0x00, 0x00, 0x00, 0x00, 0x00, 0x00, 0x00, 0x00, 
    0x00, 0x00, 0x00, 0x00, 0x00, 0x00, 0x00, 0x00, 0x00, 0x00, 0x01, 0x80, 
    0x03, 0x00, 0x06, 0x00, 0x0C, 0x00, 0x00, 0x00, 0x00, 0x00, 0x1F, 0x80, 
    0x06, 0x00, 0x06, 0x00, 0x06, 0x00, 0x06, 0x00, 0x06, 0x00, 0x06, 0x00, 
    0x06, 0x00, 0x06, 0x00, 0x06, 0x00, 0x06, 0x00, 0x06, 0x00, 0x06, 0x00, 
    0x1F, 0x80, 0x00, 0x00, 0x00, 0x00, 0x00, 0x00, 0x00, 0x00, 0x00, 0x00, 
    0x00, 0x00, 0x00, 0x00, 0x00, 0x00, 0x00, 0x00, 0x02, 0x00, 0x07, 0x00, 
    0x0D, 0x80, 0x18, 0xC0, 0x00, 0x00, 0x00, 0x00, 0x1F, 0x80, 0x06, 0x00, 
    0x06, 0x00, 0x06, 0x00, 0x06, 0x00, 0x06, 0x00, 0x06, 0x00, 0x06, 0x00, 
    0x06, 0x00, 0x06, 0x00, 0x06, 0x00, 0x06, 0x00, 0x06, 0x00, 0x1F, 0x80, 
    0x00, 0x00, 0x00, 0x00, 0x00, 0x00, 0x00, 0x00, 0x00, 0x00, 0x00, 0x00, 
    0x00, 0x00, 0x00, 0x00, 0x00, 0x00, 0x00, 0x00, 0x00, 0x00, 0x19, 0x80, 
    0x19, 0x80, 0x00, 0x00, 0x00, 0x00, 0x1F, 0x80, 0x06, 0x00, 0x06, 0x00, 
    0x06, 0x00, 0x06, 0x00, 0x06, 0x00, 0x06, 0x00, 0x06, 0x00, 0x06, 0x00, 
    0x06, 0x00, 0x06, 0x00, 0x06, 0x00, 0x06, 0x00, 0x1F, 0x80, 0x00, 0x00, 
    0x00, 0x00, 0x00, 0x00, 0x00, 0x00, 0x00, 0x00, 0x00, 0x00, 0x00, 0x00, 
    0x00, 0x00, 0x00, 0x00, 0x00, 0x00, 0x00, 0x00, 0x00, 0x00, 0x1F, 0x80, 
    0x00, 0x00, 0x00, 0x00, 0x1F, 0x80, 0x06, 0x00, 0x06, 0x00, 0x06, 0x00, 
    0x06, 0x00, 0x06, 0x00, 0x06, 0x00, 0x06, 0x00, 0x06, 0x00, 0x06, 0x00, 
    0x06, 0x00, 0x06, 0x00, 0x06, 0x00, 0x1F, 0x80, 0x00, 0x00, 0x00, 0x00, 
    0x00, 0x00, 0x00, 0x00, 0x00, 0x00, 0x00, 0x00, 0x00, 0x00, 0x00, 0x00, 
    0x00, 0x00, 0x00, 0x00, 0x00, 0x00, 0x00, 0x00, 0x00, 0x00, 0x00, 0x00, 
    0x00, 0x00, 0x1F, 0x80, 0x06, 0x00, 0x06, 0x00, 0x06, 0x00, 0x06, 0x00, 
    0x06, 0x00, 0x06, 0x00, 0x06, 0x00, 0x06, 0x00, 0x06, 0x00, 0x06, 0x00, 
    0x06, 0x00, 0x06, 0x00, 0x1F, 0x80, 0x04, 0x00, 0x08, 0x00, 0x08, 0x00, 
    0x06, 0x00, 0x00, 0x00, 0x00, 0x00, 0x00, 0x00, 0x00, 0x00, 0x00, 0x00, 
    0x00, 0x00, 0x00, 0x00, 0x06, 0x00, 0x06, 0x00, 0x00, 0x00, 0x00, 0x00, 
    0x1F, 0x80, 0x06, 0x00, 0x06, 0x00, 0x06, 0x00, 0x06, 0x00, 0x06, 0x00, 
    0x06, 0x00, 0x06, 0x00, 0x06, 0x00, 0x06, 0x00, 0x06, 0x00, 0x06, 0x00, 
    0x06, 0x00, 0x1F, 0x80, 0x00, 0x00, 0x00, 0x00, 0x00, 0x00, 0x00, 0x00, 
    0x00, 0x00, 0x00, 0x00, 0x00, 0x00, 0x00, 0x00, 0x00, 0x00, 0x04, 0x00, 
    0x0E, 0x00, 0x1B, 0x00, 0x31, 0x80, 0x00, 0x00, 0x00, 0x00, 0x1F, 0x80, 
    0x06, 0x00, 0x06, 0x00, 0x06, 0x00, 0x06, 0x00, 0x06, 0x00, 0x06, 0x00, 
    0x06, 0x00, 0x06, 0x00, 0x06, 0x00, 0x06, 0x00, 0x06, 0x00, 0x06, 0x00, 
    0x06, 0x00, 0x06, 0x00, 0x06, 0x00, 0x04, 0x00, 0x38, 0x00, 0x30, 0x00, 
    0x00, 0x00, 0x00, 0x00, 0x00, 0x00, 0x00, 0x00, 0x00, 0x00, 0x00, 0x00, 
    0x00, 0x00, 0x00, 0x00, 0x00, 0x00, 0x00, 0x00, 0xF0, 0xE0, 0x61, 0x80, 
    0x63, 0x00, 0x66, 0x00, 0x6C, 0x00, 0x78, 0x00, 0x78, 0x00, 0x7C, 0x00, 
    0x6E, 0x00, 0x67, 0x00, 0x63, 0x80, 0x61, 0xC0, 0x60, 0xE0, 0xF0, 0x70, 
    0x06, 0x00, 0x03, 0x00, 0x01, 0x80, 0x0F, 0x00, 0x00, 0x00, 0x00, 0x00, 
    0x00, 0x00, 0x00, 0x00, 0x00, 0x00, 0x18, 0xC0, 0x0D, 0x80, 0x07, 0x00, 
    0x02, 0x00, 0x00, 0x00, 0x00, 0x00, 0xF0, 0xE0, 0x61, 0x80, 0x63, 0x00, 
    0x66, 0x00, 0x6C, 0x00, 0x78, 0x00, 0x78, 0x00, 0x7C, 0x00, 0x6E, 0x00, 
    0x67, 0x00, 0x63, 0x80, 0x61, 0xC0, 0x60, 0xE0, 0xF0, 0x70, 0x00, 0x00, 
    0x00, 0x00, 0x00, 0x00, 0x00, 0x00, 0x00, 0x00, 0x00, 0x00, 0x00, 0x00, 
    0x00, 0x00, 0x00, 0x00, 0x0C, 0x00, 0x18, 0x00, 0x30, 0x00, 0x60, 0x00, 
    0x00, 0x00, 0x00, 0x00, 0x78, 0x00, 0x30, 0x00, 0x30, 0x00, 0x30, 0x00, 
    0x30, 0x00, 0x30, 0x00, 0x30, 0x00, 0x30, 0x00, 0x30, 0x00, 0x30, 0x00, 
    0x30, 0x00, 0x30, 0x20, 0x30, 0x20, 0x7F, 0xE0, 0x00, 0x00, 0x00, 0x00, 
    0x00, 0x00, 0x00, 0x00, 0x00, 0x00, 0x00, 0x00, 0x00, 0x00, 0x00, 0x00, 
    0x00, 0x00, 0x00, 0x00, 0x00, 0x00, 0x00, 0x00, 0x00, 0x00, 0x00, 0x00, 
    0x00, 0x00, 0x78, 0x00, 0x30, 0x00, 0x30, 0x00, 0x30, 0x00, 0x30, 0x00, 
    0x30, 0x00, 0x30, 0x00, 0x30, 0x00, 0x30, 0x00, 0x30, 0x00, 0x30, 0x00, 
    0x30, 0x20, 0x30, 0x20, 0x7F, 0xE0, 0x06, 0x00, 0x03, 0x00, 0x01, 0x80, 
    0x0F, 0x00, 0x00, 0x00, 0x00, 0x00, 0x00, 0x00, 0x00, 0x00, 0x00, 0x00, 
    0x00, 0x00, 0x00, 0x00, 0x00, 0x00, 0x00, 0x00, 0x00, 0x00, 0x01, 0x80, 
    0x78, 0x80, 0x31, 0x80, 0x31, 0x00, 0x30, 0x00, 0x30, 0x00, 0x30, 0x00, 
    0x30, 0x00, 0x30, 0x00, 0x30, 0x00, 0x30, 0x00, 0x30, 0x00, 0x30, 0x20, 
    0x30, 0x20, 0x7F, 0xE0, 0x00, 0x00, 0x00, 0x00, 0x00, 0x00, 0x00, 0x00, 
    0x00, 0x00, 0x00, 0x00, 0x00, 0x00, 0x00, 0x00, 0x00, 0x00, 0x00, 0x00, 
    0x00, 0x00, 0x00, 0x00, 0x00, 0x00, 0x00, 0x00, 0x00, 0x00, 0x78, 0x00, 
    0x30, 0x00, 0x30, 0x00, 0x30, 0x00, 0x30, 0x00, 0x30, 0x00, 0x33, 0x00, 
    0x33, 0x00, 0x30, 0x00, 0x30, 0x00, 0x30, 0x00, 0x30, 0x20, 0x30, 0x20, 
    0x7F, 0xE0, 0x00, 0x00, 0x00, 0x00, 0x00, 0x00, 0x00, 0x00, 0x00, 0x00, 
    0x00, 0x00, 0x00, 0x00, 0x00, 0x00, 0x00, 0x00, 0x00, 0x00, 0x00, 0x00, 
    0x00, 0x00, 0x00, 0x00, 0x00, 0x00, 0x00, 0x00, 0x78, 0x00, 0x30, 0x00, 
    0x30, 0x00, 0x30, 0x00, 0x34, 0x00, 0x3C, 0x00, 0x38, 0x00, 0x30, 0x00, 
    0x70, 0x00, 0xF0, 0x00, 0xB0, 0x00, 0x30, 0x20, 0x30, 0x20, 0x7F, 0xE0, 
    0x00, 0x00, 0x00, 0x00, 0x00, 0x00, 0x00, 0x00, 0x00, 0x00, 0x00, 0x00, 
    0x00, 0x00, 0x00, 0x00, 0x00, 0x00, 0x00, 0x00, 0x1C, 0x40, 0x3F, 0xC0, 
    0x23, 0x80, 0x00, 0x00, 0x00, 0x00, 0xC0, 0x70, 0x60, 0x20, 0x70, 0x20, 
    0x78, 0x20, 0x58, 0x20, 0x4C, 0x20, 0x46, 0x20, 0x47, 0x20, 0x43, 0x20, 
    0x41, 0xA0, 0x40, 0xE0, 0x40, 0xE0, 0x40, 0x60, 0xE0, 0x30, 0x00, 0x00, 
    0x00, 0x00, 0x00, 0x00, 0x00, 0x00, 0x00, 0x00, 0x00, 0x00, 0x00, 0x00, 
    0x00, 0x00, 0x00, 0x00, 0x03, 0x00, 0x06, 0x00, 0x0C, 0x00, 0x18, 0x00, 
    0x00, 0x00, 0x00, 0x00, 0xC0, 0x70, 0x60, 0x20, 0x70, 0x20, 0x78, 0x20, 
    0x58, 0x20, 0x4C, 0x20, 0x46, 0x20, 0x47, 0x20, 0x43, 0x20, 0x41, 0xA0, 
    0x40, 0xE0, 0x40, 0xE0, 0x40, 0x60, 0xE0, 0x30, 0x00, 0x00, 0x00, 0x00, 
    0x00, 0x00, 0x00, 0x00, 0x00, 0x00, 0x00, 0x00, 0x00, 0x00, 0x00, 0x00, 
    0x00, 0x00, 0x00, 0x00, 0x00, 0x00, 0x00, 0x00, 0x00, 0x00, 0x00, 0x00, 
    0x00, 0x00, 0xC0, 0x70, 0x60, 0x20, 0x70, 0x20, 0x78, 0x20, 0x58, 0x20, 
    0x4C, 0x20, 0x46, 0x20, 0x47, 0x20, 0x43, 0x20, 0x41, 0xA0, 0x40, 0xE0, 
    0x40, 0xE0, 0x40, 0x60, 0xE0, 0x30, 0x06, 0x00, 0x03, 0x00, 0x01, 0x80, 
    0x0F, 0x00, 0x00, 0x00, 0x00, 0x00, 0x00, 0x00, 0x00, 0x00, 0x00, 0x00, 
    0x31, 0x80, 0x1B, 0x00, 0x0E, 0x00, 0x04, 0x00, 0x00, 0x00, 0x00, 0x00, 
    0xC0, 0x70, 0x60, 0x20, 0x70, 0x20, 0x78, 0x20, 0x58, 0x20, 0x4C, 0x20, 
    0x46, 0x20, 0x47, 0x20, 0x43, 0x20, 0x41, 0xA0, 0x40, 0xE0, 0x40, 0xE0, 
    0x40, 0x60, 0xE0, 0x30, 0x00, 0x00, 0x00, 0x00, 0x00, 0x00, 0x00, 0x00, 
    0x00, 0x00, 0x00, 0x00, 0x00, 0x00, 0x00, 0x00, 0x00, 0x00, 0x18, 0x00, 
    0x0C, 0x00, 0x06, 0x00, 0x03, 0x00, 0x00, 0x00, 0x00, 0x00, 0x0F, 0x00, 
    0x11, 0xC0, 0x20, 0xC0, 0x20, 0x60, 0x60, 0x60, 0x60, 0x60, 0x60, 0x60, 
    0x60, 0x60, 0x60, 0x60, 0x60, 0x60, 0x20, 0x40, 0x30, 0x40, 0x18, 0x80, 
    0x0F, 0x00, 0x00, 0x00, 0x00, 0x00, 0x00, 0x00, 0x00, 0x00, 0x00, 0x00, 
    0x00, 0x00, 0x00, 0x00, 0x00, 0x00, 0x00, 0x00, 0x01, 0x80, 0x03, 0x00, 
    0x06, 0x00, 0x0C, 0x00, 0x00, 0x00, 0x00, 0x00, 0x0F, 0x00, 0x11, 0xC0, 
    0x20, 0xC0, 0x20, 0x60, 0x60, 0x60, 0x60, 0x60, 0x60, 0x60, 0x60, 0x60, 
    0x60, 0x60, 0x60, 0x60, 0x20, 0x40, 0x30, 0x40, 0x18, 0x80, 0x0F, 0x00, 
    0x00, 0x00, 0x00, 0x00, 0x00, 0x00, 0x00, 0x00, 0x00, 0x00, 0x00, 0x00, 
    0x00, 0x00, 0x00, 0x00, 0x00, 0x00, 0x02, 0x00, 0x07, 0x00, 0x0D, 0x80, 
    0x18, 0xC0, 0x00, 0x00, 0x00, 0x00, 0x0F, 0x00, 0x11, 0xC0, 0x20, 0xC0, 
    0x20, 0x60, 0x60, 0x60, 0x60, 0x60, 0x60, 0x60, 0x60, 0x60, 0x60, 0x60, 
    0x60, 0x60, 0x20, 0x40, 0x30, 0x40, 0x18, 0x80, 0x0F, 0x00, 0x00, 0x00, 
    0x00, 0x00, 0x00, 0x00, 0x00, 0x00, 0x00, 0x00, 0x00, 0x00, 0x00, 0x00, 
    0x00, 0x00, 0x00, 0x00, 0x00, 0x00, 0x1C, 0x40, 0x3F, 0xC0, 0x23, 0x80, 
    0x00, 0x00, 0x00, 0x00, 0x0F, 0x00, 0x11, 0xC0, 0x20, 0xC0, 0x20, 0x60, 
    0x60, 0x60, 0x60, 0x60, 0x60, 0x60, 0x60, 0x60, 0x60, 0x60, 0x60, 0x60, 
    0x20, 0x40, 0x30, 0x40, 0x18, 0x80, 0x0F, 0x00, 0x00, 0x00, 0x00, 0x00, 
    0x00, 0x00, 0x00, 0x00, 0x00, 0x00, 0x00, 0x00, 0x00, 0x00, 0x00, 0x00, 
    0x00, 0x00, 0x00, 0x00, 0x00, 0x00, 0x19, 0x80, 0x19, 0x80, 0x00, 0x00, 
    0x00, 0x00, 0x0F, 0x00, 0x11, 0xC0, 0x20, 0xC0, 0x20, 0x60, 0x60, 0x60, 
    0x60, 0x60, 0x60, 0x60, 0x60, 0x60, 0x60, 0x60, 0x60, 0x60, 0x20, 0x40, 
    0x30, 0x40, 0x18, 0x80, 0x0F, 0x00, 0x00, 0x00, 0x00, 0x00, 0x00, 0x00, 
    0x00, 0x00, 0x00, 0x00, 0x00, 0x00, 0x00, 0x00, 0x00, 0x00, 0x00, 0x00, 
    0x00, 0x00, 0x00, 0x00, 0x00, 0x00, 0x1F, 0x80, 0x00, 0x00, 0x00, 0x00, 
    0x0F, 0x00, 0x11, 0xC0, 0x20, 0xC0, 0x20, 0x60, 0x60, 0x60, 0x60, 0x60, 
    0x60, 0x60, 0x60, 0x60, 0x60, 0x60, 0x60, 0x60, 0x20, 0x40, 0x30, 0x40, 
    0x18, 0x80, 0x0F, 0x00, 0x00, 0x00, 0x00, 0x00, 0x00, 0x00, 0x00, 0x00, 
    0x00, 0x00, 0x00, 0x00, 0x00, 0x00, 0x00, 0x00, 0x00, 0x00, 0x00, 0x00, 
    0x0C, 0xC0, 0x19, 0x80, 0x33, 0x00, 0x00, 0x00, 0x00, 0x00, 0x0F, 0x00, 
    0x11, 0xC0, 0x20, 0xC0, 0x20, 0x60, 0x60, 0x60, 0x60, 0x60, 0x60, 0x60, 
    0x60, 0x60, 0x60, 0x60, 0x60, 0x60, 0x20, 0x40, 0x30, 0x40, 0x18, 0x80, 
    0x0F, 0x00, 0x00, 0x00, 0x00, 0x00, 0x00, 0x00, 0x00, 0x00, 0x00, 0x00, 
    0x00, 0x00, 0x00, 0x00, 0x00, 0x00, 0x00, 0x00, 0x03, 0x00, 0x06, 0x00, 
    0x0C, 0x00, 0x18, 0x00, 0x00, 0x00, 0x00, 0x00, 0xFF, 0x00, 0x61, 0x80, 
    0x60, 0xC0, 0x60, 0xC0, 0x60, 0xC0, 0x60, 0x80, 0x7F, 0x00, 0x7C, 0x00, 
    0x6E, 0x00, 0x67, 0x00, 0x63, 0x80, 0x61, 0xC0, 0x60, 0xE0, 0xF0, 0x70, 
    0x00, 0x00, 0x00, 0x00, 0x00, 0x00, 0x00, 0x00, 0x00, 0x00, 0x00, 0x00, 
    0x00, 0x00, 0x00, 0x00, 0x00, 0x00, 0x31, 0x80, 0x1B, 0x00, 0x0E, 0x00, 
    0x04, 0x00, 0x00, 0x00, 0x00, 0x00, 0xFF, 0x00, 0x61, 0x80, 0x60, 0xC0, 
    0x60, 0xC0, 0x60, 0xC0, 0x60, 0x80, 0x7F, 0x00, 0x7C, 0x00, 0x6E, 0x00, 
    0x67, 0x00, 0x63, 0x80, 0x61, 0xC0, 0x60, 0xE0, 0xF0, 0x70, 0x00, 0x00, 
    0x00, 0x00, 0x00, 0x00, 0x00, 0x00, 0x00, 0x00, 0x00, 0x00, 0x00, 0x00, 
    0x00, 0x00, 0x00, 0x00, 0x01, 0x80, 0x03, 0x00, 0x06, 0x00, 0x0C, 0x00, 
    0x00, 0x00, 0x00, 0x00, 0x1F, 0xE0, 0x30, 0x60, 0x60, 0x20, 0x60, 0x20, 
    0x70, 0x00, 0x3C, 0x00, 0x1E, 0x00, 0x07, 0x80, 0x01, 0xC0, 0x00, 0xE0, 
    0x40, 0x60, 0x40, 0x60, 0x60, 0xC0, 0x7F, 0x80, 0x00, 0x00, 0x00, 0x00, 
    0x00, 0x00, 0x00, 0x00, 0x00, 0x00, 0x00, 0x00, 0x00, 0x00, 0x00, 0x00, 
    0x00, 0x00, 0x02, 0x00, 0x07, 0x00, 0x0D, 0x80, 0x18, 0xC0, 0x00, 0x00, 
    0x00, 0x00, 0x1F, 0xE0, 0x30, 0x60, 0x60, 0x20, 0x60, 0x20, 0x70, 0x00, 
    0x3C, 0x00, 0x1E, 0x00, 0x07, 0x80, 0x01, 0xC0, 0x00, 0xE0, 0x40, 0x60, 
    0x40, 0x60, 0x60, 0xC0, 0x7F, 0x80, 0x00, 0x00, 0x00, 0x00, 0x00, 0x00, 
    0x00, 0x00, 0x00, 0x00, 0x00, 0x00, 0x00, 0x00, 0x00, 0x00, 0x00, 0x00, 
    0x00, 0x00, 0x00, 0x00, 0x00, 0x00, 0x00, 0x00, 0x00, 0x00, 0x00, 0x00, 
    0x1F, 0xE0, 0x30, 0x60, 0x60, 0x20, 0x60, 0x20, 0x70, 0x00, 0x3C, 0x00, 
    0x1E, 0x00, 0x07, 0x80, 0x01, 0xC0, 0x00, 0xE0, 0x40, 0x60, 0x40, 0x60, 
    0x60, 0xC0, 0x7F, 0x80, 0x06, 0x00, 0x03, 0x00, 0x01, 0x80, 0x0F, 0x00, 
    0x00, 0x00, 0x00, 0x00, 0x00, 0x00, 0x00, 0x00, 0x00, 0x00, 0x18, 0xC0, 
    0x0D, 0x80, 0x07, 0x00, 0x02, 0x00, 0x00, 0x00, 0x00, 0x00, 0x1F, 0xE0, 
    0x30, 0x60, 0x60, 0x20, 0x60, 0x20, 0x70, 0x00, 0x3C, 0x00, 0x1E, 0x00, 
    0x07, 0x80, 0x01, 0xC0, 0x00, 0xE0, 0x40, 0x60, 0x40, 0x60, 0x60, 0xC0, 
    0x7F, 0x80, 0x00, 0x00, 0x00, 0x00, 0x00, 0x00, 0x00, 0x00, 0x00, 0x00, 
    0x00, 0x00, 0x00, 0x00, 0x00, 0x00, 0x00, 0x00, 0x00, 0x00, 0x00, 0x00, 
    0x00, 0x00, 0x00, 0x00, 0x00, 0x00, 0x00, 0x00, 0x1F, 0xE0, 0x30, 0x60, 
    0x60, 0x20, 0x60, 0x20, 0x70, 0x00, 0x3C, 0x00, 0x1E, 0x00, 0x07, 0x80, 
    0x01, 0xC0, 0x00, 0xE0, 0x40, 0x60, 0x40, 0x60, 0x60, 0xC0, 0x7F, 0x80, 
    0x00, 0x00, 0x07, 0x00, 0x03, 0x00, 0x06, 0x00, 0x00, 0x00, 0x00, 0x00, 
    0x00, 0x00, 0x00, 0x00, 0x00, 0x00, 0x18, 0xC0, 0x0D, 0x80, 0x07, 0x00, 
    0x02, 0x00, 0x00, 0x00, 0x00, 0x00, 0x7F, 0xE0, 0x46, 0x20, 0x06, 0x00, 
    0x06, 0x00, 0x06, 0x00, 0x06, 0x00, 0x06, 0x00, 0x06, 0x00, 0x06, 0x00, 
    0x06, 0x00, 0x06, 0x00, 0x06, 0x00, 0x06, 0x00, 0x1F, 0x80, 0x00, 0x00, 
    0x00, 0x00, 0x00, 0x00, 0x00, 0x00, 0x00, 0x00, 0x00, 0x00, 0x00, 0x00, 
    0x00, 0x00, 0x00, 0x00, 0x00, 0x00, 0x00, 0x00, 0x00, 0x00, 0x00, 0x00, 
    0x00, 0x00, 0x00, 0x00, 0x7F, 0xE0, 0x46, 0x20, 0x06, 0x00, 0x06, 0x00, 
    0x06, 0x00, 0x06, 0x00, 0x3F, 0xC0, 0x06, 0x00, 0x06, 0x00, 0x06, 0x00, 
    0x06, 0x00, 0x06, 0x00, 0x06, 0x00, 0x1F, 0x80, 0x00, 0x00, 0x00, 0x00, 
    0x00, 0x00, 0x00, 0x00, 0x00, 0x00, 0x00, 0x00, 0x00, 0x00, 0x00, 0x00, 
    0x00, 0x00, 0x00, 0x00, 0x00, 0x00, 0x00, 0x00, 0x00, 0x00, 0x00, 0x00, 
    0x00, 0x00, 0x7F, 0xE0, 0x46, 0x20, 0x06, 0x00, 0x06, 0x00, 0x06, 0x00, 
    0x06, 0x00, 0x06, 0x00, 0x06, 0x00, 0x06, 0x00, 0x06, 0x00, 0x06, 0x00, 
    0x06, 0x00, 0x06, 0x00, 0x1F, 0x80, 0x00, 0x00, 0x07, 0x00, 0x03, 0x00, 
    0x06, 0x00, 0x00, 0x00, 0x00, 0x00, 0x00, 0x00, 0x00, 0x00, 0x00, 0x00, 
    0x0C, 0x00, 0x06, 0x00, 0x03, 0x00, 0x01, 0x80, 0x00, 0x00, 0x00, 0x00, 
    0xF0, 0x70, 0x60, 0x20, 0x60, 0x20, 0x60, 0x20, 0x60, 0x20, 0x60, 0x20, 
    0x60, 0x20, 0x60, 0x20, 0x60, 0x20, 0x60, 0x20, 0x60, 0x20, 0x70, 0x40, 
    0x3F, 0xC0, 0x1F, 0x80, 0x00, 0x00, 0x00, 0x00, 0x00, 0x00, 0x00, 0x00, 
    0x00, 0x00, 0x00, 0x00, 0x00, 0x00, 0x00, 0x00, 0x00, 0x00, 0x01, 0x80, 
    0x03, 0x00, 0x06, 0x00, 0x0C, 0x00, 0x00, 0x00, 0x00, 0x00, 0xF0, 0x70, 
    0x60, 0x20, 0x60, 0x20, 0x60, 0x20, 0x60, 0x20, 0x60, 0x20, 0x60, 0x20, 
    0x60, 0x20, 0x60, 0x20, 0x60, 0x20, 0x60, 0x20, 0x70, 0x40, 0x3F, 0xC0, 
    0x1F, 0x80, 0x00, 0x00, 0x00, 0x00, 0x00, 0x00, 0x00, 0x00, 0x00, 0x00, 
    0x00, 0x00, 0x00, 0x00, 0x00, 0x00, 0x00, 0x00, 0x02, 0x00, 0x07, 0x00, 
    0x0D, 0x80, 0x18, 0xC0, 0x00, 0x00, 0x00, 0x00, 0xF0, 0x70, 0x60, 0x20, 
    0x60, 0x20, 0x60, 0x20, 0x60, 0x20, 0x60, 0x20, 0x60, 0x20, 0x60, 0x20, 
    0x60, 0x20, 0x60, 0x20, 0x60, 0x20, 0x70, 0x40, 0x3F, 0xC0, 0x1F, 0x80, 
    0x00, 0x00, 0x00, 0x00, 0x00, 0x00, 0x00, 0x00, 0x00, 0x00, 0x00, 0x00, 
    0x00, 0x00, 0x00, 0x00, 0x00, 0x00, 0x00, 0x00, 0x00, 0x00, 0x19, 0x80, 
    0x19, 0x80, 0x00, 0x00, 0x00, 0x00, 0xF0, 0x70, 0x60, 0x20, 0x60, 0x20, 
    0x60, 0x20, 0x60, 0x20, 0x60, 0x20, 0x60, 0x20, 0x60, 0x20, 0x60, 0x20, 
    0x60, 0x20, 0x60, 0x20, 0x70, 0x40, 0x3F, 0xC0, 0x1F, 0x80, 0x00, 0x00, 
    0x00, 0x00, 0x00, 0x00, 0x00, 0x00, 0x00, 0x00, 0x00, 0x00, 0x00, 0x00, 
    0x00, 0x00, 0x00, 0x00, 0x00, 0x00, 0x00, 0x00, 0x00, 0x00, 0x1F, 0x80, 
    0x00, 0x00, 0x00, 0x00, 0xF0, 0x70, 0x60, 0x20, 0x60, 0x20, 0x60, 0x20, 
    0x60, 0x20, 0x60, 0x20, 0x60, 0x20, 0x60, 0x20, 0x60, 0x20, 0x60, 0x20, 
    0x60, 0x20, 0x70, 0x40, 0x3F, 0xC0, 0x1F, 0x80, 0x00, 0x00, 0x00, 0x00, 
    0x00, 0x00, 0x00, 0x00, 0x00, 0x00, 0x00, 0x00, 0x00, 0x00, 0x00, 0x00, 
    0x00, 0x00, 0x00, 0x00, 0x00, 0x00, 0x19, 0x80, 0x0F, 0x00, 0x00, 0x00, 
    0x00, 0x00, 0xF0, 0x70, 0x60, 0x20, 0x60, 0x20, 0x60, 0x20, 0x60, 0x20, 
    0x60, 0x20, 0x60, 0x20, 0x60, 0x20, 0x60, 0x20, 0x60, 0x20, 0x60, 0x20, 
    0x70, 0x40, 0x3F, 0xC0, 0x1F, 0x80, 0x00, 0x00, 0x00, 0x00, 0x00, 0x00, 
    0x00, 0x00, 0x00, 0x00, 0x00, 0x00, 0x00, 0x00, 0x00, 0x00, 0x00, 0x00, 
    0x06, 0x00, 0x09, 0x00, 0x09, 0x00, 0x06, 0x00, 0x00, 0x00, 0x00, 0x00, 
    0xF0, 0x70, 0x60, 0x20, 0x60, 0x20, 0x60, 0x20, 0x60, 0x20, 0x60, 0x20, 
    0x60, 0x20, 0x60, 0x20, 0x60, 0x20, 0x60, 0x20, 0x60, 0x20, 0x70, 0x40, 
    0x3F, 0xC0, 0x1F, 0x80, 0x00, 0x00, 0x00, 0x00, 0x00, 0x00, 0x00, 0x00, 
    0x00, 0x00, 0x00, 0x00, 0x00, 0x00, 0x00, 0x00, 0x00, 0x00, 0x00, 0x00, 
    0x06, 0x60, 0x0C, 0xC0, 0x19, 0x80, 0x00, 0x00, 0x00, 0x00, 0xF0, 0x70, 
    0x60, 0x20, 0x60, 0x20, 0x60, 0x20, 0x60, 0x20, 0x60, 0x20, 0x60, 0x20, 
    0x60, 0x20, 0x60, 0x20, 0x60, 0x20, 0x60, 0x20, 0x70, 0x40, 0x3F, 0xC0, 
    0x1F, 0x80, 0x00, 0x00, 0x00, 0x00, 0x00, 0x00, 0x00, 0x00, 0x00, 0x00, 
    0x00, 0x00, 0x00, 0x00, 0x00, 0x00, 0x00, 0x00, 0x00, 0x00, 0x00, 0x00, 
    0x00, 0x00, 0x00, 0x00, 0x00, 0x00, 0x00, 0x00, 0xF0, 0x70, 0x60, 0x20, 
    0x60, 0x20, 0x60, 0x20, 0x60, 0x20, 0x60, 0x20, 0x60, 0x20, 0x60, 0x20, 
    0x60, 0x20, 0x60, 0x20, 0x60, 0x20, 0x70, 0x40, 0x3F, 0xC0, 0x1F, 0x80, 
    0x04, 0x00, 0x08, 0x00, 0x08, 0x00, 0x06, 0x00, 0x00, 0x00, 0x00, 0x00, 
    0x00, 0x00, 0x00, 0x00, 0x00, 0x00, 0x04, 0x00, 0x0E, 0x00, 0x1B, 0x00, 
    0x31, 0x80, 0x00, 0x00, 0x00, 0x00, 0xFE, 0xF0, 0x66, 0x20, 0x66, 0x20, 
    0x66, 0x20, 0x76, 0x20, 0x77, 0x40, 0x33, 0x40, 0x37, 0x40, 0x3B, 0xC0, 
    0x3B, 0x80, 0x19, 0x80, 0x19, 0x80, 0x19, 0x80, 0x19, 0x80, 0x00, 0x00, 
    0x00, 0x00, 0x00, 0x00, 0x00, 0x00, 0x00, 0x00, 0x00, 0x00, 0x00, 0x00, 
    0x00, 0x00, 0x00, 0x00, 0x18, 0x00, 0x0C, 0x00, 0x06, 0x00, 0x03, 0x00, 
    0x00, 0x00, 0x00, 0x00, 0xFE, 0xF0, 0x66, 0x20, 0x66, 0x20, 0x66, 0x20, 
    0x76, 0x20, 0x77, 0x40, 0x33, 0x40, 0x37, 0x40, 0x3B, 0xC0, 0x3B, 0x80, 
    0x19, 0x80, 0x19, 0x80, 0x19, 0x80, 0x19, 0x80, 0x00, 0x00, 0x00, 0x00, 
    0x00, 0x00, 0x00, 0x00, 0x00, 0x00, 0x00, 0x00, 0x00, 0x00, 0x00, 0x00, 
    0x00, 0x00, 0x01, 0x80, 0x03, 0x00, 0x06, 0x00, 0x0C, 0x00, 0x00, 0x00, 
    0x00, 0x00, 0xFE, 0xF0, 0x66, 0x20, 0x66, 0x20, 0x66, 0x20, 0x76, 0x20, 
    0x77, 0x40, 0x33, 0x40, 0x37, 0x40, 0x3B, 0xC0, 0x3B, 0x80, 0x19, 0x80, 
    0x19, 0x80, 0x19, 0x80, 0x19, 0x80, 0x00, 0x00, 0x00, 0x00, 0x00, 0x00, 
    0x00, 0x00, 0x00, 0x00, 0x00, 0x00, 0x00, 0x00, 0x00, 0x00, 0x00, 0x00, 
    0x00, 0x00, 0x00, 0x00, 0x19, 0x80, 0x19, 0x80, 0x00, 0x00, 0x00, 0x00, 
    0xFE, 0xF0, 0x66, 0x20, 0x66, 0x20, 0x66, 0x20, 0x76, 0x20, 0x77, 0x40, 
    0x33, 0x40, 0x37, 0x40, 0x3B, 0xC0, 0x3B, 0x80, 0x19, 0x80, 0x19, 0x80, 
    0x19, 0x80, 0x19, 0x80, 0x00, 0x00, 0x00, 0x00, 0x00, 0x00, 0x00, 0x00, 
    0x00, 0x00, 0x00, 0x00, 0x00, 0x00, 0x00, 0x00, 0x00, 0x00, 0x01, 0x80, 
    0x03, 0x00, 0x06, 0x00, 0x0C, 0x00, 0x00, 0x00, 0x00, 0x00, 0xF0, 0x70, 
    0x60, 0x20, 0x30, 0x40, 0x18, 0x80, 0x18, 0x80, 0x0D, 0x00, 0x06, 0x00, 
    0x06, 0x00, 0x06, 0x00, 0x06, 0x00, 0x06, 0x00, 0x06, 0x00, 0x06, 0x00, 
    0x0F, 0x00, 0x00, 0x00, 0x00, 0x00, 0x00, 0x00, 0x00, 0x00, 0x00, 0x00, 
    0x00, 0x00, 0x00, 0x00, 0x00, 0x00, 0x00, 0x00, 0x02, 0x00, 0x07, 0x00, 
    0x0D, 0x80, 0x18, 0xC0, 0x00, 0x00, 0x00, 0x00, 0xF0, 0x70, 0x60, 0x20, 
    0x30, 0x40, 0x18, 0x80, 0x18, 0x80, 0x0D, 0x00, 0x06, 0x00, 0x06, 0x00, 
    0x06, 0x00, 0x06, 0x00, 0x06, 0x00, 0x06, 0x00, 0x06, 0x00, 0x0F, 0x00, 
    0x00, 0x00, 0x00, 0x00, 0x00, 0x00, 0x00, 0x00, 0x00, 0x00, 0x00, 0x00, 
    0x00, 0x00, 0x00, 0x00, 0x00, 0x00, 0x00, 0x00, 0x00, 0x00, 0x19, 0x80, 
    0x19, 0x80, 0x00, 0x00, 0x00, 0x00, 0xF0, 0x70, 0x60, 0x20, 0x30, 0x40, 
    0x18, 0x80, 0x18, 0x80, 0x0D, 0x00, 0x06, 0x00, 0x06, 0x00, 0x06, 0x00, 
    0x06, 0x00, 0x06, 0x00, 0x06, 0x00, 0x06, 0x00, 0x0F, 0x00, 0x00, 0x00, 
    0x00, 0x00, 0x00, 0x00, 0x00, 0x00, 0x00, 0x00, 0x00, 0x00, 0x00, 0x00, 
    0x00, 0x00, 0x00, 0x00, 0x18, 0x00, 0x0C, 0x00, 0x06, 0x00, 0x03, 0x00, 
    0x00, 0x00, 0x00, 0x00, 0xF0, 0x70, 0x60, 0x20, 0x30, 0x40, 0x18, 0x80, 
    0x18, 0x80, 0x0D, 0x00, 0x06, 0x00, 0x06, 0x00, 0x06, 0x00, 0x06, 0x00, 
    0x06, 0x00, 0x06, 0x00, 0x06, 0x00, 0x0F, 0x00, 0x00, 0x00, 0x00, 0x00, 
    0x00, 0x00, 0x00, 0x00, 0x00, 0x00, 0x00, 0x00, 0x00, 0x00, 0x00, 0x00, 
    0x00, 0x00, 0x01, 0x80, 0x03, 0x00, 0x06, 0x00, 0x0C, 0x00, 0x00, 0x00, 
    0x00, 0x00, 0x3F, 0xE0, 0x20, 0xC0, 0x00, 0xC0, 0x01, 0x80, 0x01, 0x80, 
    0x03, 0x00, 0x03, 0x00, 0x06, 0x00, 0x06, 0x00, 0x0C, 0x00, 0x0C, 0x00, 
    0x18, 0x00, 0x18, 0x20, 0x3F, 0xE0, 0x00, 0x00, 0x00, 0x00, 0x00, 0x00, 
    0x00, 0x00, 0x00, 0x00, 0x00, 0x00, 0x00, 0x00, 0x00, 0x00, 0x00, 0x00, 
    0x00, 0x00, 0x00, 0x00, 0x06, 0x00, 0x06, 0x00, 0x00, 0x00, 0x00, 0x00, 
    0x3F, 0xE0, 0x20, 0xC0, 0x00, 0xC0, 0x01, 0x80, 0x01, 0x80, 0x03, 0x00, 
    0x03, 0x00, 0x06, 0x00, 0x06, 0x00, 0x0C, 0x00, 0x0C, 0x00, 0x18, 0x00, 
    0x18, 0x20, 0x3F, 0xE0, 0x00, 0x00, 0x00, 0x00, 0x00, 0x00, 0x00, 0x00, 
    0x00, 0x00, 0x00, 0x00, 0x00, 0x00, 0x00, 0x00, 0x00, 0x00, 0x18, 0xC0, 
    0x0D, 0x80, 0x07, 0x00, 0x02, 0x00, 0x00, 0x00, 0x00, 0x00, 0x3F, 0xE0, 
    0x20, 0xC0, 0x00, 0xC0, 0x01, 0x80, 0x01, 0x80, 0x03, 0x00, 0x03, 0x00, 
    0x06, 0x00, 0x06, 0x00, 0x0C, 0x00, 0x0C, 0x00, 0x18, 0x00, 0x18, 0x20, 
    0x3F, 0xE0, 0x00, 0x00, 0x00, 0x00, 0x00, 0x00, 0x00, 0x00, 0x00, 0x00, 
    0x00, 0x00, 0x00, 0x00, 0x00, 0x00, 0x00, 0x00, 0x31, 0x80, 0x1B, 0x00, 
    0x0E, 0x00, 0x04, 0x00, 0x00, 0x00, 0x00, 0x00, 0x7F, 0xE0, 0x40, 0xC0, 
    0x01, 0x80, 0x03, 0x00, 0x06, 0x00, 0x0C, 0x00, 0x1F, 0x80, 0x00, 0xC0, 
    0x00, 0x60, 0x00, 0x60, 0x00, 0x60, 0x40, 0x60, 0x60, 0xC0, 0x1F, 0x80, 
    0x00, 0x00, 0x00, 0x00, 0x00, 0x00, 0x00, 0x00, 0x00, 0x00, 0x00, 0x00, 
    0x00, 0x00, 0x00, 0x00, 0x00, 0x00, 0x31, 0x80, 0x1B, 0x00, 0x0E, 0x00, 
    0x04, 0x00, 0x00, 0x00, 0x00, 0x00, 0x06, 0x00, 0x06, 0x00, 0x0B, 0x00, 
    0x0B, 0x00, 0x09, 0x00, 0x11, 0x80, 0x11, 0x80, 0x10, 0x80, 0x3F, 0xC0, 
    0x20, 0xC0, 0x20, 0x40, 0x40, 0x60, 0x40, 0x60, 0xE0, 0xF0, 0x00, 0x00, 
    0x00, 0x00, 0x00, 0x00, 0x00, 0x00, 0x00, 0x00, 0x00, 0x00, 0x00, 0x00, 
    0x00, 0x00, 0x00, 0x00, 0x00, 0x00, 0x00, 0x00, 0x00, 0x00, 0x00, 0x00, 
    0x18, 0xC0, 0x0D, 0x80, 0x07, 0x00, 0x02, 0x00, 0x00, 0x00, 0x00, 0x00, 
    0x0F, 0x80, 0x18, 0xC0, 0x10, 0xC0, 0x03, 0xC0, 0x1C, 0xC0, 0x30, 0xC0, 
    0x30, 0xC0, 0x30, 0xC0, 0x39, 0xC0, 0x1E, 0xE0, 0x00, 0x00, 0x00, 0x00, 
    0x00, 0x00, 0x00, 0x00, 0x00, 0x00, 0x00, 0x00, 0x00, 0x00, 0x00, 0x00, 
    0x00, 0x00, 0x31, 0x80, 0x1B, 0x00, 0x0E, 0x00, 0x04, 0x00, 0x00, 0x00, 
    0x00, 0x00, 0x1F, 0x80, 0x06, 0x00, 0x06, 0x00, 0x06, 0x00, 0x06, 0x00, 
    0x06, 0x00, 0x06, 0x00, 0x06, 0x00, 0x06, 0x00, 0x06, 0x00, 0x06, 0x00, 
    0x06, 0x00, 0x06, 0x00, 0x1F, 0x80, 0x00, 0x00, 0x00, 0x00, 0x00, 0x00, 
    0x00, 0x00, 0x00, 0x00, 0x00, 0x00, 0x00, 0x00, 0x00, 0x00, 0x00, 0x00, 
    0x00, 0x00, 0x00, 0x00, 0x00, 0x00, 0x00, 0x00, 0x31, 0x80, 0x1B, 0x00, 
    0x0E, 0x00, 0x04, 0x00, 0x00, 0x00, 0x00, 0x00, 0x1E, 0x00, 0x06, 0x00, 
    0x06, 0x00, 0x06, 0x00, 0x06, 0x00, 0x06, 0x00, 0x06, 0x00, 0x06, 0x00, 
    0x06, 0x00, 0x1F, 0x80, 0x00, 0x00, 0x00, 0x00, 0x00, 0x00, 0x00, 0x00, 
    0x00, 0x00, 0x00, 0x00, 0x00, 0x00, 0x00, 0x00, 0x00, 0x00, 0x31, 0x80, 
    0x1B, 0x00, 0x0E, 0x00, 0x04, 0x00, 0x00, 0x00, 0x00, 0x00, 0x0F, 0x00, 
    0x11, 0xC0, 0x20, 0xC0, 0x20, 0x60, 0x60, 0x60, 0x60, 0x60, 0x60, 0x60, 
    0x60, 0x60, 0x60, 0x60, 0x60, 0x60, 0x20, 0x40, 0x30, 0x40, 0x18, 0x80, 
    0x0F, 0x00, 0x00, 0x00, 0x00, 0x00, 0x00, 0x00, 0x00, 0x00, 0x00, 0x00, 
    0x00, 0x00, 0x00, 0x00, 0x00, 0x00, 0x00, 0x00, 0x00, 0x00, 0x00, 0x00, 
    0x00, 0x00, 0x00, 0x00, 0x31, 0x80, 0x1B, 0x00, 0x0E, 0x00, 0x04, 0x00, 
    0x00, 0x00, 0x00, 0x00, 0x0F, 0x80, 0x11, 0xC0, 0x20, 0xE0, 0x60, 0x60, 
    0x60, 0x60, 0x60, 0x60, 0x60, 0x60, 0x70, 0x40, 0x38, 0x80, 0x1F, 0x00, 
    0x00, 0x00, 0x00, 0x00, 0x00, 0x00, 0x00, 0x00, 0x00, 0x00, 0x00, 0x00, 
    0x00, 0x00, 0x00, 0x00, 0x00, 0x00, 0x18, 0xC0, 0x0D, 0x80, 0x07, 0x00, 
    0x02, 0x00, 0x00, 0x00, 0x00, 0x00, 0xF0, 0x70, 0x60, 0x20, 0x60, 0x20, 
    0x60, 0x20, 0x60, 0x20, 0x60, 0x20, 0x60, 0x20, 0x60, 0x20, 0x60, 0x20, 
    0x60, 0x20, 0x60, 0x20, 0x70, 0x40, 0x3F, 0xC0, 0x1F, 0x80, 0x00, 0x00, 
    0x00, 0x00, 0x00, 0x00, 0x00, 0x00, 0x00, 0x00, 0x00, 0x00, 0x00, 0x00, 
    0x00, 0x00, 0x00, 0x00, 0x00, 0x00, 0x00, 0x00, 0x00, 0x00, 0x00, 0x00, 
    0x31, 0x80, 0x1B, 0x00, 0x0E, 0x00, 0x04, 0x00, 0x00, 0x00, 0x00, 0x00, 
    0x79, 0xE0, 0x30, 0xC0, 0x30, 0xC0, 0x30, 0xC0, 0x30, 0xC0, 0x30, 0xC0, 
    0x30, 0xC0, 0x30, 0xC0, 0x39, 0xC0, 0x1E, 0x60, 0x00, 0x00, 0x00, 0x00, 
    0x00, 0x00, 0x00, 0x00, 0x00, 0x00, 0x00, 0x00, 0x00, 0x00, 0x00, 0x00, 
    0x00, 0x00, 0x00, 0x00, 0x00, 0x00, 0x00, 0x00, 0x00, 0x00, 0x18, 0x00, 
    0x0C, 0x00, 0x06, 0x00, 0x03, 0x00, 0x00, 0x00, 0x00, 0x00, 0x0F, 0x80, 
    0x18, 0xC0, 0x10, 0xC0, 0x03, 0xC0, 0x1C, 0xC0, 0x30, 0xC0, 0x30, 0xC0, 
    0x30, 0xC0, 0x39, 0xC0, 0x1E, 0xE0, 0x00, 0x00, 0x00, 0x00, 0x00, 0x00, 
    0x00, 0x00, 0x00, 0x00, 0x00, 0x00, 0x00, 0x00, 0x00, 0x00, 0x00, 0x00, 
    0x00, 0x00, 0x00, 0x00, 0x00, 0x00, 0x00, 0x00, 0x01, 0x80, 0x03, 0x00, 
    0x06, 0x00, 0x0C, 0x00, 0x00, 0x00, 0x00, 0x00, 0x0F, 0x80, 0x18, 0xC0, 
    0x10, 0xC0, 0x03, 0xC0, 0x1C, 0xC0, 0x30, 0xC0, 0x30, 0xC0, 0x30, 0xC0, 
    0x39, 0xC0, 0x1E, 0xE0, 0x00, 0x00, 0x00, 0x00, 0x00, 0x00, 0x00, 0x00, 
    0x00, 0x00, 0x00, 0x00, 0x00, 0x00, 0x00, 0x00, 0x00, 0x00, 0x00, 0x00, 
    0x00, 0x00, 0x00, 0x00, 0x00, 0x00, 0x02, 0x00, 0x07, 0x00, 0x0D, 0x80, 
    0x18, 0xC0, 0x00, 0x00, 0x00, 0x00, 0x0F, 0x80, 0x18, 0xC0, 0x10, 0xC0, 
    0x03, 0xC0, 0x1C, 0xC0, 0x30, 0xC0, 0x30, 0xC0, 0x30, 0xC0, 0x39, 0xC0, 
    0x1E, 0xE0, 0x00, 0x00, 0x00, 0x00, 0x00, 0x00, 0x00, 0x00, 0x00, 0x00, 
    0x00, 0x00, 0x00, 0x00, 0x00, 0x00, 0x00, 0x00, 0x00, 0x00, 0x00, 0x00, 
    0x00, 0x00, 0x00, 0x00, 0x00, 0x00, 0x1C, 0x40, 0x3F, 0xC0, 0x23, 0x80, 
    0x00, 0x00, 0x00, 0x00, 0x0F, 0x80, 0x18, 0xC0, 0x10, 0xC0, 0x03, 0xC0, 
    0x1C, 0xC0, 0x30, 0xC0, 0x30, 0xC0, 0x30, 0xC0, 0x39, 0xC0, 0x1E, 0xE0, 
    0x00, 0x00, 0x00, 0x00, 0x00, 0x00, 0x00, 0x00, 0x00, 0x00, 0x00, 0x00, 
    0x00, 0x00, 0x00, 0x00, 0x00, 0x00, 0x00, 0x00, 0x00, 0x00, 0x00, 0x00, 
    0x00, 0x00, 0x00, 0x00, 0x00, 0x00, 0x19, 0x80, 0x19, 0x80, 0x00, 0x00, 
    0x00, 0x00, 0x0F, 0x80, 0x18, 0xC0, 0x10, 0xC0, 0x03, 0xC0, 0x1C, 0xC0, 
    0x30, 0xC0, 0x30, 0xC0, 0x30, 0xC0, 0x39, 0xC0, 0x1E, 0xE0, 0x00, 0x00, 
    0x00, 0x00, 0x00, 0x00, 0x00, 0x00, 0x00, 0x00, 0x00, 0x00, 0x00, 0x00, 
    0x00, 0x00, 0x00, 0x00, 0x00, 0x00, 0x00, 0x00, 0x00, 0x00, 0x00, 0x00, 
    0x06, 0x00, 0x09, 0x00, 0x09, 0x00, 0x06, 0x00, 0x00, 0x00, 0x00, 0x00, 
    0x0F, 0x80, 0x18, 0xC0, 0x10, 0xC0, 0x03, 0xC0, 0x1C, 0xC0, 0x30, 0xC0, 
    0x30, 0xC0, 0x30, 0xC0, 0x39, 0xC0, 0x1E, 0xE0, 0x00, 0x00, 0x00, 0x00, 
    0x00, 0x00, 0x00, 0x00, 0x00, 0x00, 0x00, 0x00, 0x00, 0x00, 0x00, 0x00, 
    0x00, 0x00, 0x00, 0x00, 0x00, 0x00, 0x00, 0x00, 0x00, 0x00, 0x00, 0x00, 
    0x00, 0x00, 0x1F, 0x80, 0x00, 0x00, 0x00, 0x00, 0x00, 0x00, 0x0F, 0x80, 
    0x18, 0xC0, 0x10, 0xC0, 0x03, 0xC0, 0x1C, 0xC0, 0x30, 0xC0, 0x30, 0xC0, 
    0x30, 0xC0, 0x39, 0xC0, 0x1E, 0xE0, 0x00, 0x00, 0x00, 0x00, 0x00, 0x00, 
    0x00, 0x00, 0x00, 0x00, 0x00, 0x00, 0x00, 0x00, 0x00, 0x00, 0x00, 0x00, 
    0x00, 0x00, 0x00, 0x00, 0x00, 0x00, 0x00, 0x00, 0x00, 0x00, 0x00, 0x00, 
    0x19, 0x80, 0x0F, 0x00, 0x00, 0x00, 0x00, 0x00, 0x0F, 0x80, 0x18, 0xC0, 
    0x10, 0xC0, 0x03, 0xC0, 0x1C, 0xC0, 0x30, 0xC0, 0x30, 0xC0, 0x30, 0xC0, 
    0x39, 0xC0, 0x1E, 0xE0, 0x00, 0x00, 0x00, 0x00, 0x00, 0x00, 0x00, 0x00, 
    0x00, 0x00, 0x00, 0x00, 0x00, 0x00, 0x00, 0x00, 0x00, 0x00, 0x00, 0x00, 
    0x00, 0x00, 0x00, 0x00, 0x00, 0x00, 0x00, 0x00, 0x00, 0x00, 0x00, 0x00, 
    0x00, 0x00, 0x00, 0x00, 0x00, 0x00, 0x0F, 0x80, 0x18, 0xC0, 0x10, 0xC0, 
    0x03, 0xC0, 0x1C, 0xC0, 0x30, 0xC0, 0x30, 0xC0, 0x30, 0xC0, 0x39, 0xC0, 
    0x1E, 0xE0, 0x01, 0x00, 0x02, 0x00, 0x02, 0x00, 0x01, 0x80, 0x00, 0x00, 
    0x00, 0x00, 0x00, 0x00, 0x00, 0x00, 0x00, 0x00, 0x00, 0x00, 0x00, 0x00, 
    0x00, 0x00, 0x00, 0x00, 0x00, 0x00, 0x00, 0x00, 0x00, 0x00, 0x00, 0x00, 
    0x00, 0x00, 0x00, 0x00, 0x1F, 0x80, 0x31, 0xC0, 0x20, 0xC0, 0x60, 0x00, 
    0x60, 0x00, 0x60, 0x00, 0x60, 0x00, 0x70, 0x40, 0x30, 0xC0, 0x1F, 0x80, 
    0x06, 0x00, 0x03, 0x00, 0x01, 0x80, 0x0F, 0x00, 0x00, 0x00, 0x00, 0x00, 
    0x00, 0x00, 0x00, 0x00, 0x00, 0x00, 0x00, 0x00, 0x00, 0x00, 0x00, 0x00, 
    0x00, 0x00, 0x03, 0x00, 0x06, 0x00, 0x0C, 0x00, 0x18, 0x00, 0x00, 0x00, 
    0x00, 0x00, 0x1F, 0x80, 0x31, 0xC0, 0x20, 0xC0, 0x60, 0x00, 0x60, 0x00, 
    0x60, 0x00, 0x60, 0x00, 0x70, 0x40, 0x30, 0xC0, 0x1F, 0x80, 0x00, 0x00, 
    0x00, 0x00, 0x00, 0x00, 0x00, 0x00, 0x00, 0x00, 0x00, 0x00, 0x00, 0x00, 
    0x00, 0x00, 0x00, 0x00, 0x00, 0x00, 0x00, 0x00, 0x00, 0x00, 0x00, 0x00, 
    0x04, 0x00, 0x0E, 0x00, 0x1B, 0x00, 0x31, 0x80, 0x00, 0x00, 0x00, 0x00, 
    0x1F, 0x80, 0x31, 0xC0, 0x20, 0xC0, 0x60, 0x00, 0x60, 0x00, 0x60, 0x00, 
    0x60, 0x00, 0x70, 0x40, 0x30, 0xC0, 0x1F, 0x80, 0x00, 0x00, 0x00, 0x00, 
    0x00, 0x00, 0x00, 0x00, 0x00, 0x00, 0x00, 0x00, 0x00, 0x00, 0x00, 0x00, 
    0x00, 0x00, 0x00, 0x00, 0x00, 0x00, 0x00, 0x00, 0x00, 0x00, 0x00, 0x00, 
    0x00, 0x00, 0x06, 0x00, 0x06, 0x00, 0x00, 0x00, 0x00, 0x00, 0x1F, 0x80, 
    0x31, 0xC0, 0x20, 0xC0, 0x60, 0x00, 0x60, 0x00, 0x60, 0x00, 0x60, 0x00, 
    0x70, 0x40, 0x30, 0xC0, 0x1F, 0x80, 0x00, 0x00, 0x00, 0x00, 0x00, 0x00, 
    0x00, 0x00, 0x00, 0x00, 0x00, 0x00, 0x00, 0x00, 0x00, 0x00, 0x00, 0x00, 
    0x00, 0x00, 0x00, 0x00, 0x00, 0x00, 0x00, 0x00, 0x31, 0x80, 0x1B, 0x00, 
    0x0E, 0x00, 0x04, 0x00, 0x00, 0x00, 0x00, 0x00, 0x1F, 0x80, 0x31, 0xC0, 
    0x20, 0xC0, 0x60, 0x00, 0x60, 0x00, 0x60, 0x00, 0x60, 0x00, 0x70, 0x40, 
    0x30, 0xC0, 0x1F, 0x80, 0x00, 0x00, 0x00, 0x00, 0x00, 0x00, 0x00, 0x00, 
    0x00, 0x00, 0x00, 0x00, 0x00, 0x00, 0x00, 0x00, 0x00, 0x00, 0x00, 0x00, 
    0x00, 0x00, 0x00, 0x00, 0x00, 0x00, 0x00, 0x30, 0x03, 0x90, 0x01, 0xB0, 
    0x01, 0xA0, 0x01, 0x80, 0x01, 0x80, 0x1D, 0x80, 0x67, 0x80, 0x41, 0x80, 
    0xC1, 0x80, 0xC1, 0x80, 0xC1, 0x80, 0xC1, 0x80, 0xE1, 0x80, 0x73, 0x80, 
    0x3D, 0xC0, 0x00, 0x00, 0x00, 0x00, 0x00, 0x00, 0x00, 0x00, 0x00, 0x00, 
    0x00, 0x00, 0x00, 0x00, 0x00, 0x00, 0x00, 0x00, 0x00, 0x00, 0x00, 0x00, 
    0x00, 0x00, 0x00, 0x00, 0x00, 0x00, 0x01, 0xC0, 0x00, 0xC0, 0x07, 0xE0, 
    0x00, 0xC0, 0x00, 0xC0, 0x0E, 0xC0, 0x33, 0xC0, 0x20, 0xC0, 0x60, 0xC0, 
    0x60, 0xC0, 0x60, 0xC0, 0x60, 0xC0, 0x70, 0xC0, 0x39, 0xC0, 0x1E, 0xE0, 
    0x00, 0x00, 0x00, 0x00, 0x00, 0x00, 0x00, 0x00, 0x00, 0x00, 0x00, 0x00, 
    0x00, 0x00, 0x00, 0x00, 0x00, 0x00, 0x00, 0x00, 0x00, 0x00, 0x00, 0x00, 
    0x00, 0x00, 0x18, 0x00, 0x0C, 0x00, 0x06, 0x00, 0x03, 0x00, 0x00, 0x00, 
    0x00, 0x00, 0x0F, 0x00, 0x30, 0xC0, 0x60, 0x60, 0x60, 0x60, 0x7F, 0xE0, 
    0x60, 0x00, 0x60, 0x00, 0x30, 0x00, 0x18, 0x60, 0x0F, 0x80, 0x00, 0x00, 
    0x00, 0x00, 0x00, 0x00, 0x00, 0x00, 0x00, 0x00, 0x00, 0x00, 0x00, 0x00, 
    0x00, 0x00, 0x00, 0x00, 0x00, 0x00, 0x00, 0x00, 0x00, 0x00, 0x00, 0x00, 
    0x01, 0x80, 0x03, 0x00, 0x06, 0x00, 0x0C, 0x00, 0x00, 0x00, 0x00, 0x00, 
    0x0F, 0x00, 0x30, 0xC0, 0x60, 0x60, 0x60, 0x60, 0x7F, 0xE0, 0x60, 0x00, 
    0x60, 0x00, 0x30, 0x00, 0x18, 0x60, 0x0F, 0x80, 0x00, 0x00, 0x00, 0x00, 
    0x00, 0x00, 0x00, 0x00, 0x00, 0x00, 0x00, 0x00, 0x00, 0x00, 0x00, 0x00, 
    0x00, 0x00, 0x00, 0x00, 0x00, 0x00, 0x00, 0x00, 0x00, 0x00, 0x02, 0x00, 
    0x07, 0x00, 0x0D, 0x80, 0x18, 0xC0, 0x00, 0x00, 0x00, 0x00, 0x0F, 0x00, 
    0x30, 0xC0, 0x60, 0x60, 0x60, 0x60, 0x7F, 0xE0, 0x60, 0x00, 0x60, 0x00, 
    0x30, 0x00, 0x18, 0x60, 0x0F, 0x80, 0x00, 0x00, 0x00, 0x00, 0x00, 0x00, 
    0x00, 0x00, 0x00, 0x00, 0x00, 0x00, 0x00, 0x00, 0x00, 0x00, 0x00, 0x00, 
    0x00, 0x00, 0x00, 0x00, 0x00, 0x00, 0x00, 0x00, 0x00, 0x00, 0x00, 0x00, 
    0x19, 0x80, 0x19, 0x80, 0x00, 0x00, 0x00, 0x00, 0x0F, 0x00, 0x30, 0xC0, 
    0x60, 0x60, 0x60, 0x60, 0x7F, 0xE0, 0x60, 0x00, 0x60, 0x00, 0x30, 0x00, 
    0x18, 0x60, 0x0F, 0x80, 0x00, 0x00, 0x00, 0x00, 0x00, 0x00, 0x00, 0x00, 
    0x00, 0x00, 0x00, 0x00, 0x00, 0x00, 0x00, 0x00, 0x00, 0x00, 0x00, 0x00, 
    0x00, 0x00, 0x00, 0x00, 0x00, 0x00, 0x00, 0x00, 0x00, 0x00, 0x00, 0x00, 
    0x1F, 0x80, 0x00, 0x00, 0x00, 0x00, 0x0F, 0x00, 0x30, 0xC0, 0x60, 0x60, 
    0x60, 0x60, 0x7F, 0xE0, 0x60, 0x00, 0x60, 0x00, 0x30, 0x00, 0x18, 0x60, 
    0x0F, 0x80, 0x00, 0x00, 0x00, 0x00, 0x00, 0x00, 0x00, 0x00, 0x00, 0x00, 
    0x00, 0x00, 0x00, 0x00, 0x00, 0x00, 0x00, 0x00, 0x00, 0x00, 0x00, 0x00, 
    0x00, 0x00, 0x00, 0x00, 0x00, 0x00, 0x00, 0x00, 0x06, 0x00, 0x06, 0x00, 
    0x00, 0x00, 0x00, 0x00, 0x0F, 0x00, 0x30, 0xC0, 0x60, 0x60, 0x60, 0x60, 
    0x7F, 0xE0, 0x60, 0x00, 0x60, 0x00, 0x30, 0x00, 0x18, 0x60, 0x0F, 0x80, 
    0x00, 0x00, 0x00, 0x00, 0x00, 0x00, 0x00, 0x00, 0x00, 0x00, 0x00, 0x00, 
    0x00, 0x00, 0x00, 0x00, 0x00, 0x00, 0x00, 0x00, 0x00, 0x00, 0x00, 0x00, 
    0x00, 0x00, 0x00, 0x00, 0x00, 0x00, 0x00, 0x00, 0x00, 0x00, 0x00, 0x00, 
    0x00, 0x00, 0x0F, 0x00, 0x30, 0xC0, 0x60, 0x60, 0x60, 0x60, 0x7F, 0xE0, 
    0x60, 0x00, 0x60, 0x00, 0x30, 0x00, 0x18, 0x60, 0x0F, 0x80, 0x02, 0x00, 
    0x04, 0x00, 0x04, 0x00, 0x03, 0x00, 0x00, 0x00, 0x00, 0x00, 0x00, 0x00, 
    0x00, 0x00, 0x00, 0x00, 0x00, 0x00, 0x00, 0x00, 0x00, 0x00, 0x00, 0x00, 
    0x18, 0xC0, 0x0D, 0x80, 0x07, 0x00, 0x02, 0x00, 0x00, 0x00, 0x00, 0x00, 
    0x0F, 0x00, 0x30, 0xC0, 0x60, 0x60, 0x60, 0x60, 0x7F, 0xE0, 0x60, 0x00, 
    0x60, 0x00, 0x30, 0x00, 0x18, 0x60, 0x0F, 0x80, 0x00, 0x00, 0x00, 0x00, 
    0x00, 0x00, 0x00, 0x00, 0x00, 0x00, 0x00, 0x00, 0x00, 0x00, 0x00, 0x00, 
    0x00, 0x00, 0x00, 0x00, 0x00, 0x00, 0x00, 0x00, 0x00, 0x00, 0x04, 0x00, 
    0x0E, 0x00, 0x1B, 0x00, 0x31, 0x80, 0x00, 0x00, 0x00, 0x00, 0x1F, 0x20, 
    0x31, 0xE0, 0x60, 0xC0, 0x60, 0xC0, 0x60, 0xC0, 0x31, 0x80, 0x3F, 0x00, 
    0x60, 0x00, 0x7F, 0xC0, 0x3F, 0xE0, 0x20, 0x60, 0x40, 0x20, 0x40, 0x20, 
    0x7F, 0xC0, 0x3F, 0x80, 0x00, 0x00, 0x00, 0x00, 0x00, 0x00, 0x00, 0x00, 
    0x00, 0x00, 0x00, 0x00, 0x00, 0x00, 0x00, 0x00, 0x00, 0x00, 0x00, 0x00, 
    0x19, 0x80, 0x0F, 0x00, 0x00, 0x00, 0x00, 0x00, 0x1F, 0x20, 0x31, 0xE0, 
    0x60, 0xC0, 0x60, 0xC0, 0x60, 0xC0, 0x31, 0x80, 0x3F, 0x00, 0x60, 0x00, 
    0x7F, 0xC0, 0x3F, 0xE0, 0x20, 0x60, 0x40, 0x20, 0x40, 0x20, 0x7F, 0xC0, 
    0x3F, 0x80, 0x00, 0x00, 0x00, 0x00, 0x00, 0x00, 0x00, 0x00, 0x00, 0x00, 
    0x00, 0x00, 0x00, 0x00, 0x00, 0x00, 0x00, 0x00, 0x00, 0x00, 0x06, 0x00, 
    0x06, 0x00, 0x00, 0x00, 0x00, 0x00, 0x1F, 0x20, 0x31, 0xE0, 0x60, 0xC0, 
    0x60, 0xC0, 0x60, 0xC0, 0x31, 0x80, 0x3F, 0x00, 0x60, 0x00, 0x7F, 0xC0, 
    0x3F, 0xE0, 0x20, 0x60, 0x40, 0x20, 0x40, 0x20, 0x7F, 0xC0, 0x3F, 0x80, 
    0x00, 0x00, 0x00, 0x00, 0x00, 0x00, 0x00, 0x00, 0x00, 0x00, 0x00, 0x00, 
    0x00, 0x00, 0x00, 0x00, 0x03, 0x00, 0x06, 0x00, 0x0C, 0x00, 0x18, 0x00, 
    0x00, 0x00, 0x00, 0x00, 0x1F, 0x20, 0x31, 0xE0, 0x60, 0xC0, 0x60, 0xC0, 
    0x60, 0xC0, 0x31, 0x80, 0x3F, 0x00, 0x60, 0x00, 0x7F, 0xC0, 0x3F, 0xE0, 
    0x20, 0x60, 0x40, 0x20, 0x40, 0x20, 0x7F, 0xC0, 0x3F, 0x80, 0x00, 0x00, 
    0x00, 0x00, 0x00, 0x00, 0x00, 0x00, 0x00, 0x00, 0x00, 0x00, 0x00, 0x00, 
    0x00, 0x00, 0x00, 0x00, 0x00, 0x00, 0x00, 0x00, 0x00, 0x00, 0x00, 0x00, 
    0x00, 0x00, 0x1F, 0x20, 0x31, 0xE0, 0x60, 0xC0, 0x60, 0xC0, 0x60, 0xC0, 
    0x31, 0x80, 0x3F, 0x00, 0x60, 0x00, 0x7F, 0xC0, 0x3F, 0xE0, 0x20, 0x60, 
    0xFF, 0xF0, 0x40, 0x20, 0x7F, 0xC0, 0x3F, 0x80, 0x00, 0x00, 0x00, 0x00, 
    0x00, 0x00, 0x00, 0x00, 0x00, 0x00, 0x00, 0x00, 0x00, 0x00, 0x00, 0x00, 
    0x31, 0x80, 0x1B, 0x00, 0x0E, 0x00, 0x04, 0x00, 0x00, 0x00, 0x00, 0x00, 
    0x1F, 0x20, 0x31, 0xE0, 0x60, 0xC0, 0x60, 0xC0, 0x60, 0xC0, 0x31, 0x80, 
    0x3F, 0x00, 0x60, 0x00, 0x7F, 0xC0, 0x3F, 0xE0, 0x20, 0x60, 0x40, 0x20, 
    0x40, 0x20, 0x7F, 0xC0, 0x3F, 0x80, 0x00, 0x00, 0x00, 0x00, 0x00, 0x00, 
    0x00, 0x00, 0x00, 0x00, 0x08, 0x00, 0x1C, 0x00, 0x36, 0x00, 0x63, 0x00, 
    0x00, 0x00, 0x00, 0x00, 0x70, 0x00, 0x30, 0x00, 0x30, 0x00, 0x37, 0x80, 
    0x39, 0xC0, 0x30, 0xC0, 0x30, 0xC0, 0x30, 0xC0, 0x30, 0xC0, 0x30, 0xC0, 
    0x30, 0xC0, 0x30, 0xC0, 0x79, 0xE0, 0x00, 0x00, 0x00, 0x00, 0x00, 0x00, 
    0x00, 0x00, 0x00, 0x00, 0x00, 0x00, 0x00, 0x00, 0x00, 0x00, 0x00, 0x00, 
    0x00, 0x00, 0x00, 0x00, 0x00, 0x00, 0x00, 0x00, 0x00, 0x00, 0x70, 0x00, 
    0x30, 0x00, 0x7E, 0x00, 0x30, 0x00, 0x30, 0x00, 0x37, 0x80, 0x39, 0xC0, 
    0x30, 0xC0, 0x30, 0xC0, 0x30, 0xC0, 0x30, 0xC0, 0x30, 0xC0, 0x30, 0xC0, 
    0x30, 0xC0, 0x79, 0xE0, 0x00, 0x00, 0x00, 0x00, 0x00, 0x00, 0x00, 0x00, 
    0x00, 0x00, 0x00, 0x00, 0x00, 0x00, 0x00, 0x00, 0x00, 0x00, 0x00, 0x00, 
    0x00, 0x00, 0x00, 0x00, 0x00, 0x00, 0x18, 0x00, 0x0C, 0x00, 0x06, 0x00, 
    0x03, 0x00, 0x00, 0x00, 0x00, 0x00, 0x1E, 0x00, 0x06, 0x00, 0x06, 0x00, 
    0x06, 0x00, 0x06, 0x00, 0x06, 0x00, 0x06, 0x00, 0x06, 0x00, 0x06, 0x00, 
    0x1F, 0x80, 0x00, 0x00, 0x00, 0x00, 0x00, 0x00, 0x00, 0x00, 0x00, 0x00, 
    0x00, 0x00, 0x00, 0x00, 0x00, 0x00, 0x00, 0x00, 0x00, 0x00, 0x00, 0x00, 
    0x00, 0x00, 0x00, 0x00, 0x03, 0x00, 0x06, 0x00, 0x0C, 0x00, 0x18, 0x00, 
    0x00, 0x00, 0x00, 0x00, 0x1E, 0x00, 0x06, 0x00, 0x06, 0x00, 0x06, 0x00, 
    0x06, 0x00, 0x06, 0x00, 0x06, 0x00, 0x06, 0x00, 0x06, 0x00, 0x1F, 0x80, 
    0x00, 0x00, 0x00, 0x00, 0x00, 0x00, 0x00, 0x00, 0x00, 0x00, 0x00, 0x00, 
    0x00, 0x00, 0x00, 0x00, 0x00, 0x00, 0x00, 0x00, 0x00, 0x00, 0x00, 0x00, 
    0x00, 0x00, 0x04, 0x00, 0x0E, 0x00, 0x1B, 0x00, 0x31, 0x80, 0x00, 0x00, 
    0x00, 0x00, 0x1E, 0x00, 0x06, 0x00, 0x06, 0x00, 0x06, 0x00, 0x06, 0x00, 
    0x06, 0x00, 0x06, 0x00, 0x06, 0x00, 0x06, 0x00, 0x1F, 0x80, 0x00, 0x00, 
    0x00, 0x00, 0x00, 0x00, 0x00, 0x00, 0x00, 0x00, 0x00, 0x00, 0x00, 0x00, 
    0x00, 0x00, 0x00, 0x00, 0x00, 0x00, 0x00, 0x00, 0x00, 0x00, 0x00, 0x00, 
    0x00, 0x00, 0x00, 0x00, 0x19, 0x80, 0x19, 0x80, 0x00, 0x00, 0x00, 0x00, 
    0x1E, 0x00, 0x06, 0x00, 0x06, 0x00, 0x06, 0x00, 0x06, 0x00, 0x06, 0x00, 
    0x06, 0x00, 0x06, 0x00, 0x06, 0x00, 0x1F, 0x80, 0x00, 0x00, 0x00, 0x00, 
    0x00, 0x00, 0x00, 0x00, 0x00, 0x00, 0x00, 0x00, 0x00, 0x00, 0x00, 0x00, 
    0x00, 0x00, 0x00, 0x00, 0x00, 0x00, 0x00, 0x00, 0x00, 0x00, 0x00, 0x00, 
    0x00, 0x00, 0x00, 0x00, 0x1F, 0x80, 0x00, 0x00, 0x00, 0x00, 0x1E, 0x00, 
    0x06, 0x00, 0x06, 0x00, 0x06, 0x00, 0x06, 0x00, 0x06, 0x00, 0x06, 0x00, 
    0x06, 0x00, 0x06, 0x00, 0x1F, 0x80, 0x00, 0x00, 0x00, 0x00, 0x00, 0x00, 
    0x00, 0x00, 0x00, 0x00, 0x00, 0x00, 0x00, 0x00, 0x00, 0x00, 0x00, 0x00, 
    0x00, 0x00, 0x00, 0x00, 0x00, 0x00, 0x00, 0x00, 0x00, 0x00, 0x00, 0x00, 
    0x06, 0x00, 0x06, 0x00, 0x00, 0x00, 0x00, 0x00, 0x1E, 0x00, 0x06, 0x00, 
    0x06, 0x00, 0x06, 0x00, 0x06, 0x00, 0x06, 0x00, 0x06, 0x00, 0x06, 0x00, 
    0x06, 0x00, 0x1F, 0x80, 0x02, 0x00, 0x04, 0x00, 0x04, 0x00, 0x03, 0x00, 
    0x00, 0x00, 0x00, 0x00, 0x00, 0x00, 0x00, 0x00, 0x00, 0x00, 0x00, 0x00, 
    0x00, 0x00, 0x00, 0x00, 0x00, 0x00, 0x00, 0x00, 0x00, 0x00, 0x00, 0x00, 
    0x00, 0x00, 0x00, 0x00, 0x00, 0x00, 0x1E, 0x00, 0x06, 0x00, 0x06, 0x00, 
    0x06, 0x00, 0x06, 0x00, 0x06, 0x00, 0x06, 0x00, 0x06, 0x00, 0x06, 0x00, 
    0x1F, 0x80, 0x00, 0x00, 0x00, 0x00, 0x00, 0x00, 0x00, 0x00, 0x00, 0x00, 
    0x00, 0x00, 0x00, 0x00, 0x00, 0x00, 0x00, 0x00, 0x00, 0x00, 0x00, 0x00, 
    0x00, 0x00, 0x00, 0x00, 0x01, 0x00, 0x03, 0x80, 0x06, 0xC0, 0x0C, 0x60, 
    0x00, 0x00, 0x00, 0x00, 0x07, 0x80, 0x01, 0x80, 0x01, 0x80, 0x01, 0x80, 
    0x01, 0x80, 0x01, 0x80, 0x01, 0x80, 0x01, 0x80, 0x01, 0x80, 0x01, 0x80, 
    0x41, 0x80, 0x61, 0x80, 0x71, 0x00, 0x3E, 0x00, 0x1C, 0x00, 0x00, 0x00, 
    0x00, 0x00, 0x00, 0x00, 0x00, 0x00, 0x00, 0x00, 0x00, 0x00, 0x00, 0x00, 
    0x00, 0x00, 0x00, 0x00, 0x30, 0x00, 0x70, 0x00, 0x30, 0x00, 0x30, 0x00, 
    0x30, 0x00, 0x30, 0xE0, 0x31, 0x80, 0x33, 0x00, 0x3E, 0x00, 0x3C, 0x00, 
    0x3E, 0x00, 0x37, 0x00, 0x33, 0x80, 0x31, 0xC0, 0x78, 0xF0, 0x03, 0x00, 
    0x01, 0x80, 0x00, 0xC0, 0x07, 0x80, 0x00, 0x00, 0x00, 0x00, 0x00, 0x00, 
    0x00, 0x00, 0xC6, 0x00, 0x6C, 0x00, 0x38, 0x00, 0x10, 0x00, 0x00, 0x00, 
    0x00, 0x00, 0x30, 0x00, 0x70, 0x00, 0x30, 0x00, 0x30, 0x00, 0x30, 0x00, 
    0x30, 0xE0, 0x31, 0x80, 0x33, 0x00, 0x3E, 0x00, 0x3C, 0x00, 0x3E, 0x00, 
    0x37, 0x00, 0x33, 0x80, 0x31, 0xC0, 0x78, 0xF0, 0x00, 0x00, 0x00, 0x00, 
    0x00, 0x00, 0x00, 0x00, 0x00, 0x00, 0x00, 0x00, 0x00, 0x00, 0x00, 0x00, 
    0x03, 0x00, 0x06, 0x00, 0x0C, 0x00, 0x18, 0x00, 0x00, 0x00, 0x00, 0x00, 
    0x1E, 0x00, 0x06, 0x00, 0x06, 0x00, 0x06, 0x00, 0x06, 0x00, 0x06, 0x00, 
    0x06, 0x00, 0x06, 0x00, 0x06, 0x00, 0x06, 0x00, 0x06, 0x00, 0x06, 0x00, 
    0x06, 0x00, 0x06, 0x00, 0x1F, 0x80, 0x00, 0x00, 0x00, 0x00, 0x00, 0x00, 
    0x00, 0x00, 0x00, 0x00, 0x00, 0x00, 0x00, 0x00, 0x00, 0x00, 0x00, 0x00, 
    0x00, 0x00, 0x00, 0x00, 0x00, 0x00, 0x00, 0x00, 0x00, 0x00, 0x1E, 0x00, 
    0x06, 0x00, 0x06, 0x00, 0x06, 0x00, 0x06, 0x00, 0x06, 0x00, 0x06, 0x00, 
    0x06, 0x00, 0x06, 0x00, 0x06, 0x00, 0x06, 0x00, 0x06, 0x00, 0x06, 0x00, 
    0x06, 0x00, 0x1F, 0x80, 0x06, 0x00, 0x03, 0x00, 0x01, 0x80, 0x0F, 0x00, 
    0x00, 0x00, 0x00, 0x00, 0x00, 0x00, 0x00, 0x00, 0x00, 0x00, 0x00, 0x00, 
    0x00, 0x00, 0x00, 0x00, 0x00, 0x00, 0x00, 0xC0, 0x1E, 0x40, 0x06, 0xC0, 
    0x06, 0x80, 0x06, 0x00, 0x06, 0x00, 0x06, 0x00, 0x06, 0x00, 0x06, 0x00, 
    0x06, 0x00, 0x06, 0x00, 0x06, 0x00, 0x06, 0x00, 0x06, 0x00, 0x06, 0x00, 
    0x1F, 0x80, 0x00, 0x00, 0x00, 0x00, 0x00, 0x00, 0x00, 0x00, 0x00, 0x00, 
    0x00, 0x00, 0x00, 0x00, 0x00, 0x00, 0x00, 0x00, 0x00, 0x00, 0x00, 0x00, 
    0x00, 0x00, 0x00, 0x00, 0x00, 0x00, 0x1E, 0x00, 0x06, 0x00, 0x06, 0x00, 
    0x06, 0x00, 0x06, 0x00, 0x06, 0x60, 0x06, 0x60, 0x06, 0x00, 0x06, 0x00, 
    0x06, 0x00, 0x06, 0x00, 0x06, 0x00, 0x06, 0x00, 0x06, 0x00, 0x1F, 0x80, 
    0x00, 0x00, 0x00, 0x00, 0x00, 0x00, 0x00, 0x00, 0x00, 0x00, 0x00, 0x00, 
    0x00, 0x00, 0x00, 0x00, 0x00, 0x00, 0x00, 0x00, 0x00, 0x00, 0x00, 0x00, 
    0x00, 0x00, 0x00, 0x00, 0x1E, 0x00, 0x06, 0x00, 0x06, 0x00, 0x06, 0x00, 
    0x06, 0x00, 0x06, 0x80, 0x07, 0x80, 0x07, 0x00, 0x06, 0x00, 0x0E, 0x00, 
    0x1E, 0x00, 0x16, 0x00, 0x06, 0x00, 0x06, 0x00, 0x1F, 0x80, 0x00, 0x00, 
    0x00, 0x00, 0x00, 0x00, 0x00, 0x00, 0x00, 0x00, 0x00, 0x00, 0x00, 0x00, 
    0x00, 0x00, 0x00, 0x00, 0x00, 0x00, 0x00, 0x00, 0x00, 0x00, 0x00, 0x00, 
    0x00, 0x00, 0x1C, 0x40, 0x3F, 0xC0, 0x23, 0x80, 0x00, 0x00, 0x00, 0x00, 
    0x27, 0x80, 0x79, 0xC0, 0x30, 0xC0, 0x30, 0xC0, 0x30, 0xC0, 0x30, 0xC0, 
    0x30, 0xC0, 0x30, 0xC0, 0x30, 0xC0, 0x79, 0xE0, 0x00, 0x00, 0x00, 0x00, 
    0x00, 0x00, 0x00, 0x00, 0x00, 0x00, 0x00, 0x00, 0x00, 0x00, 0x00, 0x00, 
    0x00, 0x00, 0x00, 0x00, 0x00, 0x00, 0x00, 0x00, 0x00, 0x00, 0x01, 0x80, 
    0x03, 0x00, 0x06, 0x00, 0x0C, 0x00, 0x00, 0x00, 0x00, 0x00, 0x27, 0x80, 
    0x79, 0xC0, 0x30, 0xC0, 0x30, 0xC0, 0x30, 0xC0, 0x30, 0xC0, 0x30, 0xC0, 
    0x30, 0xC0, 0x30, 0xC0, 0x79, 0xE0, 0x00, 0x00, 0x00, 0x00, 0x00, 0x00, 
    0x00, 0x00, 0x00, 0x00, 0x00, 0x00, 0x00, 0x00, 0x00, 0x00, 0x00, 0x00, 
    0x00, 0x00, 0x00, 0x00, 0x00, 0x00, 0x00, 0x00, 0x00, 0x00, 0x00, 0x00, 
    0x00, 0x00, 0x00, 0x00, 0x00, 0x00, 0x00, 0x00, 0x27, 0x80, 0x79, 0xC0, 
    0x30, 0xC0, 0x30, 0xC0, 0x30, 0xC0, 0x30, 0xC0, 0x30, 0xC0, 0x30, 0xC0, 
    0x30, 0xC0, 0x79, 0xE0, 0x03, 0x00, 0x01, 0x80, 0x00, 0xC0, 0x07, 0x80, 
    0x00, 0x00, 0x00, 0x00, 0x00, 0x00, 0x00, 0x00, 0x00, 0x00, 0x00, 0x00, 
    0x00, 0x00, 0x00, 0x00, 0x00, 0x00, 0x31, 0x80, 0x1B, 0x00, 0x0E, 0x00, 
    0x04, 0x00, 0x00, 0x00, 0x00, 0x00, 0x27, 0x80, 0x79, 0xC0, 0x30, 0xC0, 
    0x30, 0xC0, 0x30, 0xC0, 0x30, 0xC0, 0x30, 0xC0, 0x30, 0xC0, 0x30, 0xC0, 
    0x79, 0xE0, 0x00, 0x00, 0x00, 0x00, 0x00, 0x00, 0x00, 0x00, 0x00, 0x00, 
    0x00, 0x00, 0x00, 0x00, 0x00, 0x00, 0x00, 0x00, 0x00, 0x00, 0x00, 0x00, 
    0x00, 0x00, 0x00, 0x00, 0x18, 0x00, 0x0C, 0x00, 0x06, 0x00, 0x03, 0x00, 
    0x00, 0x00, 0x00, 0x00, 0x0F, 0x80, 0x11, 0xC0, 0x20, 0xE0, 0x60, 0x60, 
    0x60, 0x60, 0x60, 0x60, 0x60, 0x60, 0x70, 0x40, 0x38, 0x80, 0x1F, 0x00, 
    0x00, 0x00, 0x00, 0x00, 0x00, 0x00, 0x00, 0x00, 0x00, 0x00, 0x00, 0x00, 
    0x00, 0x00, 0x00, 0x00, 0x00, 0x00, 0x00, 0x00, 0x00, 0x00, 0x00, 0x00, 
    0x00, 0x00, 0x01, 0x80, 0x03, 0x00, 0x06, 0x00, 0x0C, 0x00, 0x00, 0x00, 
    0x00, 0x00, 0x0F, 0x80, 0x11, 0xC0, 0x20, 0xE0, 0x60, 0x60, 0x60, 0x60, 
    0x60, 0x60, 0x60, 0x60, 0x70, 0x40, 0x38, 0x80, 0x1F, 0x00, 0x00, 0x00, 
    0x00, 0x00, 0x00, 0x00, 0x00, 0x00, 0x00, 0x00, 0x00, 0x00, 0x00, 0x00, 
    0x00, 0x00, 0x00, 0x00, 0x00, 0x00, 0x00, 0x00, 0x00, 0x00, 0x00, 0x00, 
    0x02, 0x00, 0x07, 0x00, 0x0D, 0x80, 0x18, 0xC0, 0x00, 0x00, 0x00, 0x00, 
    0x0F, 0x80, 0x11, 0xC0, 0x20, 0xE0, 0x60, 0x60, 0x60, 0x60, 0x60, 0x60, 
    0x60, 0x60, 0x70, 0x40, 0x38, 0x80, 0x1F, 0x00, 0x00, 0x00, 0x00, 0x00, 
    0x00, 0x00, 0x00, 0x00, 0x00, 0x00, 0x00, 0x00, 0x00, 0x00, 0x00, 0x00, 
    0x00, 0x00, 0x00, 0x00, 0x00, 0x00, 0x00, 0x00, 0x00, 0x00, 0x00, 0x00, 
    0x1C, 0x40, 0x3F, 0xC0, 0x23, 0x80, 0x00, 0x00, 0x00, 0x00, 0x0F, 0x80, 
    0x11, 0xC0, 0x20, 0xE0, 0x60, 0x60, 0x60, 0x60, 0x60, 0x60, 0x60, 0x60, 
    0x70, 0x40, 0x38, 0x80, 0x1F, 0x00, 0x00, 0x00, 0x00, 0x00, 0x00, 0x00, 
    0x00, 0x00, 0x00, 0x00, 0x00, 0x00, 0x00, 0x00, 0x00, 0x00, 0x00, 0x00, 
    0x00, 0x00, 0x00, 0x00, 0x00, 0x00, 0x00, 0x00, 0x00, 0x00, 0x00, 0x00, 
    0x19, 0x80, 0x19, 0x80, 0x00, 0x00, 0x00, 0x00, 0x0F, 0x80, 0x11, 0xC0, 
    0x20, 0xE0, 0x60, 0x60, 0x60, 0x60, 0x60, 0x60, 0x60, 0x60, 0x70, 0x40, 
    0x38, 0x80, 0x1F, 0x00, 0x00, 0x00, 0x00, 0x00, 0x00, 0x00, 0x00, 0x00, 
    0x00, 0x00, 0x00, 0x00, 0x00, 0x00, 0x00, 0x00, 0x00, 0x00, 0x00, 0x00, 
    0x00, 0x00, 0x00, 0x00, 0x00, 0x00, 0x00, 0x00, 0x00, 0x00, 0x00, 0x00, 
    0x1F, 0x80, 0x00, 0x00, 0x00, 0x00, 0x0F, 0x80, 0x11, 0xC0, 0x20, 0xE0, 
    0x60, 0x60, 0x60, 0x60, 0x60, 0x60, 0x60, 0x60, 0x70, 0x40, 0x38, 0x80, 
    0x1F, 0x00, 0x00, 0x00, 0x00, 0x00, 0x00, 0x00, 0x00, 0x00, 0x00, 0x00, 
    0x00, 0x00, 0x00, 0x00, 0x00, 0x00, 0x00, 0x00, 0x00, 0x00, 0x00, 0x00, 
    0x00, 0x00, 0x00, 0x00, 0x00, 0x00, 0x0C, 0xC0, 0x19, 0x80, 0x33, 0x00, 
    0x00, 0x00, 0x00, 0x00, 0x0F, 0x80, 0x11, 0xC0, 0x20, 0xE0, 0x60, 0x60, 
    0x60, 0x60, 0x60, 0x60, 0x60, 0x60, 0x70, 0x40, 0x38, 0x80, 0x1F, 0x00, 
    0x00, 0x00, 0x00, 0x00, 0x00, 0x00, 0x00, 0x00, 0x00, 0x00, 0x00, 0x00, 
    0x00, 0x00, 0x00, 0x00, 0x00, 0x00, 0x00, 0x00, 0x00, 0x00, 0x00, 0x00, 
    0x00, 0x00, 0x01, 0x80, 0x03, 0x00, 0x06, 0x00, 0x0C, 0x00, 0x00, 0x00, 
    0x00, 0x00, 0x39, 0xC0, 0x1A, 0x60, 0x1C, 0x60, 0x18, 0x00, 0x18, 0x00, 
    0x18, 0x00, 0x18, 0x00, 0x18, 0x00, 0x18, 0x00, 0x3C, 0x00, 0x00, 0x00, 
    0x00, 0x00, 0x00, 0x00, 0x00, 0x00, 0x00, 0x00, 0x00, 0x00, 0x00, 0x00, 
    0x00, 0x00, 0x00, 0x00, 0x00, 0x00, 0x00, 0x00, 0x00, 0x00, 0x00, 0x00, 
    0x18, 0xC0, 0x0D, 0x80, 0x07, 0x00, 0x02, 0x00, 0x00, 0x00, 0x00, 0x00, 
    0x39, 0xC0, 0x1A, 0x60, 0x1C, 0x60, 0x18, 0x00, 0x18, 0x00, 0x18, 0x00, 
    0x18, 0x00, 0x18, 0x00, 0x18, 0x00, 0x3C, 0x00, 0x00, 0x00, 0x00, 0x00, 
    0x00, 0x00, 0x00, 0x00, 0x00, 0x00, 0x00, 0x00, 0x00, 0x00, 0x00, 0x00, 
    0x00, 0x00, 0x00, 0x00, 0x00, 0x00, 0x00, 0x00, 0x00, 0x00, 0x01, 0x80, 
    0x03, 0x00, 0x06, 0x00, 0x0C, 0x00, 0x00, 0x00, 0x00, 0x00, 0x1F, 0xC0, 
    0x30, 0xC0, 0x30, 0x40, 0x38, 0x00, 0x1E, 0x00, 0x07, 0x80, 0x01, 0xC0, 
    0x20, 0xC0, 0x30, 0xC0, 0x3F, 0x80, 0x00, 0x00, 0x00, 0x00, 0x00, 0x00, 
    0x00, 0x00, 0x00, 0x00, 0x00, 0x00, 0x00, 0x00, 0x00, 0x00, 0x00, 0x00, 
    0x00, 0x00, 0x00, 0x00, 0x00, 0x00, 0x00, 0x00, 0x02, 0x00, 0x07, 0x00, 
    0x0D, 0x80, 0x18, 0xC0, 0x00, 0x00, 0x00, 0x00, 0x1F, 0xC0, 0x30, 0xC0, 
    0x30, 0x40, 0x38, 0x00, 0x1E, 0x00, 0x07, 0x80, 0x01, 0xC0, 0x20, 0xC0, 
    0x30, 0xC0, 0x3F, 0x80, 0x00, 0x00, 0x00, 0x00, 0x00, 0x00, 0x00, 0x00, 
    0x00, 0x00, 0x00, 0x00, 0x00, 0x00, 0x00, 0x00, 0x00, 0x00, 0x00, 0x00, 
    0x00, 0x00, 0x00, 0x00, 0x00, 0x00, 0x00, 0x00, 0x00, 0x00, 0x00, 0x00, 
    0x00, 0x00, 0x00, 0x00, 0x00, 0x00, 0x1F, 0xC0, 0x30, 0xC0, 0x30, 0x40, 
    0x38, 0x00, 0x1E, 0x00, 0x07, 0x80, 0x01, 0xC0, 0x20, 0xC0, 0x30, 0xC0, 
    0x3F, 0x80, 0x06, 0x00, 0x03, 0x00, 0x01, 0x80, 0x0F, 0x00, 0x00, 0x00, 
    0x00, 0x00, 0x00, 0x00, 0x00, 0x00, 0x00, 0x00, 0x00, 0x00, 0x00, 0x00, 
    0x00, 0x00, 0x00, 0x00, 0x31, 0x80, 0x1B, 0x00, 0x0E, 0x00, 0x04, 0x00, 
    0x00, 0x00, 0x00, 0x00, 0x1F, 0xC0, 0x30, 0xC0, 0x30, 0x40, 0x38, 0x00, 
    0x1E, 0x00, 0x07, 0x80, 0x01, 0xC0, 0x20, 0xC0, 0x30, 0xC0, 0x3F, 0x80, 
    0x00, 0x00, 0x00, 0x00, 0x00, 0x00, 0x00, 0x00, 0x00, 0x00, 0x00, 0x00, 
    0x00, 0x00, 0x00, 0x00, 0x00, 0x00, 0x00, 0x00, 0x00, 0x00, 0x00, 0x00, 
    0x00, 0x00, 0x00, 0x00, 0x00, 0x00, 0x00, 0x00, 0x00, 0x00, 0x00, 0x00, 
    0x00, 0x00, 0x1F, 0xC0, 0x30, 0xC0, 0x30, 0x40, 0x38, 0x00, 0x1E, 0x00, 
    0x07, 0x80, 0x01, 0xC0, 0x20, 0xC0, 0x30, 0xC0, 0x3F, 0x80, 0x00, 0x00, 
    0x07, 0x00, 0x03, 0x00, 0x06, 0x00, 0x00, 0x00, 0x00, 0x00, 0x00, 0x00, 
    0x00, 0x00, 0x00, 0x00, 0x00, 0x00, 0x00, 0x00, 0x00, 0x00, 0x00, 0x00, 
    0x00, 0x00, 0x00, 0xC0, 0x00, 0x40, 0x04, 0xC0, 0x04, 0x80, 0x0C, 0x00, 
    0x7F, 0xC0, 0x0C, 0x00, 0x0C, 0x00, 0x0C, 0x00, 0x0C, 0x00, 0x0C, 0x00, 
    0x0C, 0x00, 0x0C, 0x20, 0x0E, 0x40, 0x07, 0x80, 0x00, 0x00, 0x00, 0x00, 
    0x00, 0x00, 0x00, 0x00, 0x00, 0x00, 0x00, 0x00, 0x00, 0x00, 0x00, 0x00, 
    0x00, 0x00, 0x00, 0x00, 0x00, 0x00, 0x00, 0x00, 0x00, 0x00, 0x00, 0x00, 
    0x00, 0x00, 0x00, 0x00, 0x04, 0x00, 0x04, 0x00, 0x0C, 0x00, 0x7F, 0xC0, 
    0x0C, 0x00, 0x0C, 0x00, 0x0C, 0x00, 0x3F, 0x00, 0x0C, 0x00, 0x0C, 0x00, 
    0x0C, 0x20, 0x0E, 0x40, 0x07, 0x80, 0x00, 0x00, 0x00, 0x00, 0x00, 0x00, 
    0x00, 0x00, 0x00, 0x00, 0x00, 0x00, 0x00, 0x00, 0x00, 0x00, 0x00, 0x00, 
    0x00, 0x00, 0x00, 0x00, 0x00, 0x00, 0x00, 0x00, 0x00, 0x00, 0x00, 0x00, 
    0x00, 0x00, 0x04, 0x00, 0x04, 0x00, 0x0C, 0x00, 0x7F, 0xC0, 0x0C, 0x00, 
    0x0C, 0x00, 0x0C, 0x00, 0x0C, 0x00, 0x0C, 0x00, 0x0C, 0x00, 0x0C, 0x20, 
    0x0E, 0x40, 0x07, 0x80, 0x00, 0x00, 0x07, 0x00, 0x03, 0x00, 0x06, 0x00, 
    0x00, 0x00, 0x00, 0x00, 0x00, 0x00, 0x00, 0x00, 0x00, 0x00, 0x00, 0x00, 
    0x00, 0x00, 0x00, 0x00, 0x00, 0x00, 0x0C, 0x00, 0x06, 0x00, 0x03, 0x00, 
    0x01, 0x80, 0x00, 0x00, 0x00, 0x00, 0x79, 0xE0, 0x30, 0xC0, 0x30, 0xC0, 
    0x30, 0xC0, 0x30, 0xC0, 0x30, 0xC0, 0x30, 0xC0, 0x30, 0xC0, 0x39, 0xC0, 
    0x1E, 0x60, 0x00, 0x00, 0x00, 0x00, 0x00, 0x00, 0x00, 0x00, 0x00, 0x00, 
    0x00, 0x00, 0x00, 0x00, 0x00, 0x00, 0x00, 0x00, 0x00, 0x00, 0x00, 0x00, 
    0x00, 0x00, 0x00, 0x00, 0x01, 0x80, 0x03, 0x00, 0x06, 0x00, 0x0C, 0x00, 
    0x00, 0x00, 0x00, 0x00, 0x79, 0xE0, 0x30, 0xC0, 0x30, 0xC0, 0x30, 0xC0, 
    0x30, 0xC0, 0x30, 0xC0, 0x30, 0xC0, 0x30, 0xC0, 0x39, 0xC0, 0x1E, 0x60, 
    0x00, 0x00, 0x00, 0x00, 0x00, 0x00, 0x00, 0x00, 0x00, 0x00, 0x00, 0x00, 
    0x00, 0x00, 0x00, 0x00, 0x00, 0x00, 0x00, 0x00, 0x00, 0x00, 0x00, 0x00, 
    0x00, 0x00, 0x02, 0x00, 0x07, 0x00, 0x0D, 0x80, 0x18, 0xC0, 0x00, 0x00, 
    0x00, 0x00, 0x79, 0xE0, 0x30, 0xC0, 0x30, 0xC0, 0x30, 0xC0, 0x30, 0xC0, 
    0x30, 0xC0, 0x30, 0xC0, 0x30, 0xC0, 0x39, 0xC0, 0x1E, 0x60, 0x00, 0x00, 
    0x00, 0x00, 0x00, 0x00, 0x00, 0x00, 0x00, 0x00, 0x00, 0x00, 0x00, 0x00, 
    0x00, 0x00, 0x00, 0x00, 0x00, 0x00, 0x00, 0x00, 0x00, 0x00, 0x00, 0x00, 
    0x00, 0x00, 0x00, 0x00, 0x19, 0x80, 0x19, 0x80, 0x00, 0x00, 0x00, 0x00, 
    0x79, 0xE0, 0x30, 0xC0, 0x30, 0xC0, 0x30, 0xC0, 0x30, 0xC0, 0x30, 0xC0, 
    0x30, 0xC0, 0x30, 0xC0, 0x39, 0xC0, 0x1E, 0x60, 0x00, 0x00, 0x00, 0x00, 
    0x00, 0x00, 0x00, 0x00, 0x00, 0x00, 0x00, 0x00, 0x00, 0x00, 0x00, 0x00, 
    0x00, 0x00, 0x00, 0x00, 0x00, 0x00, 0x00, 0x00, 0x00, 0x00, 0x00, 0x00, 
    0x00, 0x00, 0x00, 0x00, 0x1F, 0x80, 0x00, 0x00, 0x00, 0x00, 0x79, 0xE0, 
    0x30, 0xC0, 0x30, 0xC0, 0x30, 0xC0, 0x30, 0xC0, 0x30, 0xC0, 0x30, 0xC0, 
    0x30, 0xC0, 0x39, 0xC0, 0x1E, 0x60, 0x00, 0x00, 0x00, 0x00, 0x00, 0x00, 
    0x00, 0x00, 0x00, 0x00, 0x00, 0x00, 0x00, 0x00, 0x00, 0x00, 0x00, 0x00, 
    0x00, 0x00, 0x00, 0x00, 0x00, 0x00, 0x00, 0x00, 0x00, 0x00, 0x00, 0x00, 
    0x19, 0x80, 0x0F, 0x00, 0x00, 0x00, 0x00, 0x00, 0x79, 0xE0, 0x30, 0xC0, 
    0x30, 0xC0, 0x30, 0xC0, 0x30, 0xC0, 0x30, 0xC0, 0x30, 0xC0, 0x30, 0xC0, 
    0x39, 0xC0, 0x1E, 0x60, 0x00, 0x00, 0x00, 0x00, 0x00, 0x00, 0x00, 0x00, 
    0x00, 0x00, 0x00, 0x00, 0x00, 0x00, 0x00, 0x00, 0x00, 0x00, 0x00, 0x00, 
    0x00, 0x00, 0x00, 0x00, 0x00, 0x00, 0x06, 0x00, 0x09, 0x00, 0x09, 0x00, 
    0x06, 0x00, 0x00, 0x00, 0x00, 0x00, 0x79, 0xE0, 0x30, 0xC0, 0x30, 0xC0, 
    0x30, 0xC0, 0x30, 0xC0, 0x30, 0xC0, 0x30, 0xC0, 0x30, 0xC0, 0x39, 0xC0, 
    0x1E, 0x60, 0x00, 0x00, 0x00, 0x00, 0x00, 0x00, 0x00, 0x00, 0x00, 0x00, 
    0x00, 0x00, 0x00, 0x00, 0x00, 0x00, 0x00, 0x00, 0x00, 0x00, 0x00, 0x00, 
    0x00, 0x00, 0x00, 0x00, 0x00, 0x00, 0x06, 0x60, 0x0C, 0xC0, 0x19, 0x80, 
    0x00, 0x00, 0x00, 0x00, 0x79, 0xE0, 0x30, 0xC0, 0x30, 0xC0, 0x30, 0xC0, 
    0x30, 0xC0, 0x30, 0xC0, 0x30, 0xC0, 0x30, 0xC0, 0x39, 0xC0, 0x1E, 0x60, 
    0x00, 0x00, 0x00, 0x00, 0x00, 0x00, 0x00, 0x00, 0x00, 0x00, 0x00, 0x00, 
    0x00, 0x00, 0x00, 0x00, 0x00, 0x00, 0x00, 0x00, 0x00, 0x00, 0x00, 0x00, 
    0x00, 0x00, 0x00, 0x00, 0x00, 0x00, 0x00, 0x00, 0x00, 0x00, 0x00, 0x00, 
    0x00, 0x00, 0x79, 0xE0, 0x30, 0xC0, 0x30, 0xC0, 0x30, 0xC0, 0x30, 0xC0, 
    0x30, 0xC0, 0x30, 0xC0, 0x30, 0xC0, 0x39, 0xC0, 0x1E, 0x60, 0x00, 0x40, 
    0x00, 0x80, 0x00, 0x80, 0x00, 0x60, 0x00, 0x00, 0x00, 0x00, 0x00, 0x00, 
    0x00, 0x00, 0x00, 0x00, 0x00, 0x00, 0x00, 0x00, 0x00, 0x00, 0x00, 0x00, 
    0x04, 0x00, 0x0E, 0x00, 0x1B, 0x00, 0x31, 0x80, 0x00, 0x00, 0x00, 0x00, 
    0xFF, 0x70, 0x66, 0x20, 0x66, 0x20, 0x66, 0x20, 0x37, 0x40, 0x3B, 0x40, 
    0x3B, 0x40, 0x19, 0x80, 0x19, 0x80, 0x19, 0x80, 0x00, 0x00, 0x00, 0x00, 
    0x00, 0x00, 0x00, 0x00, 0x00, 0x00, 0x00, 0x00, 0x00, 0x00, 0x00, 0x00, 
    0x00, 0x00, 0x00, 0x00, 0x00, 0x00, 0x00, 0x00, 0x00, 0x00, 0x18, 0x00, 
    0x0C, 0x00, 0x06, 0x00, 0x03, 0x00, 0x00, 0x00, 0x00, 0x00, 0xFF, 0x70, 
    0x66, 0x20, 0x66, 0x20, 0x66, 0x20, 0x37, 0x40, 0x3B, 0x40, 0x3B, 0x40, 
    0x19, 0x80, 0x19, 0x80, 0x19, 0x80, 0x00, 0x00, 0x00, 0x00, 0x00, 0x00, 
    0x00, 0x00, 0x00, 0x00, 0x00, 0x00, 0x00, 0x00, 0x00, 0x00, 0x00, 0x00, 
    0x00, 0x00, 0x00, 0x00, 0x00, 0x00, 0x00, 0x00, 0x01, 0x80, 0x03, 0x00, 
    0x06, 0x00, 0x0C, 0x00, 0x00, 0x00, 0x00, 0x00, 0xFF, 0x70, 0x66, 0x20, 
    0x66, 0x20, 0x66, 0x20, 0x37, 0x40, 0x3B, 0x40, 0x3B, 0x40, 0x19, 0x80, 
    0x19, 0x80, 0x19, 0x80, 0x00, 0x00, 0x00, 0x00, 0x00, 0x00, 0x00, 0x00, 
    0x00, 0x00, 0x00, 0x00, 0x00, 0x00, 0x00, 0x00, 0x00, 0x00, 0x00, 0x00, 
    0x00, 0x00, 0x00, 0x00, 0x00, 0x00, 0x00, 0x00, 0x00, 0x00, 0x19, 0x80, 
    0x19, 0x80, 0x00, 0x00, 0x00, 0x00, 0xFF, 0x70, 0x66, 0x20, 0x66, 0x20, 
    0x66, 0x20, 0x37, 0x40, 0x3B, 0x40, 0x3B, 0x40, 0x19, 0x80, 0x19, 0x80, 
    0x19, 0x80, 0x00, 0x00, 0x00, 0x00, 0x00, 0x00, 0x00, 0x00, 0x00, 0x00, 
    0x00, 0x00, 0x00, 0x00, 0x00, 0x00, 0x00, 0x00, 0x00, 0x00, 0x00, 0x00, 
    0x00, 0x00, 0x00, 0x00, 0x01, 0x80, 0x03, 0x00, 0x06, 0x00, 0x0C, 0x00, 
    0x00, 0x00, 0x00, 0x00, 0xF0, 0xF0, 0x60, 0x20, 0x30, 0x40, 0x30, 0x40, 
    0x18, 0x80, 0x18, 0x80, 0x0D, 0x00, 0x0D, 0x00, 0x06, 0x00, 0x06, 0x00, 
    0x04, 0x00, 0x0C, 0x00, 0x08, 0x00, 0x78, 0x00, 0x70, 0x00, 0x00, 0x00, 
    0x00, 0x00, 0x00, 0x00, 0x00, 0x00, 0x00, 0x00, 0x00, 0x00, 0x00, 0x00, 
    0x00, 0x00, 0x02, 0x00, 0x07, 0x00, 0x0D, 0x80, 0x18, 0xC0, 0x00, 0x00, 
    0x00, 0x00, 0xF0, 0xF0, 0x60, 0x20, 0x30, 0x40, 0x30, 0x40, 0x18, 0x80, 
    0x18, 0x80, 0x0D, 0x00, 0x0D, 0x00, 0x06, 0x00, 0x06, 0x00, 0x04, 0x00, 
    0x0C, 0x00, 0x08, 0x00, 0x78, 0x00, 0x70, 0x00, 0x00, 0x00, 0x00, 0x00, 
    0x00, 0x00, 0x00, 0x00, 0x00, 0x00, 0x00, 0x00, 0x00, 0x00, 0x00, 0x00, 
    0x00, 0x00, 0x00, 0x00, 0x19, 0x80, 0x19, 0x80, 0x00, 0x00, 0x00, 0x00, 
    0xF0, 0xF0, 0x60, 0x20, 0x30, 0x40, 0x30, 0x40, 0x18, 0x80, 0x18, 0x80, 
    0x0D, 0x00, 0x0D, 0x00, 0x06, 0x00, 0x06, 0x00, 0x04, 0x00, 0x0C, 0x00, 
    0x08, 0x00, 0x78, 0x00, 0x70, 0x00, 0x00, 0x00, 0x00, 0x00, 0x00, 0x00, 
    0x00, 0x00, 0x00, 0x00, 0x00, 0x00, 0x00, 0x00, 0x00, 0x00, 0x18, 0x00, 
    0x0C, 0x00, 0x06, 0x00, 0x03, 0x00, 0x00, 0x00, 0x00, 0x00, 0xF0, 0xF0, 
    0x60, 0x20, 0x30, 0x40, 0x30, 0x40, 0x18, 0x80, 0x18, 0x80, 0x0D, 0x00, 
    0x0D, 0x00, 0x06, 0x00, 0x06, 0x00, 0x04, 0x00, 0x0C, 0x00, 0x08, 0x00, 
    0x78, 0x00, 0x70, 0x00, 0x00, 0x00, 0x00, 0x00, 0x00, 0x00, 0x00, 0x00, 
    0x00, 0x00, 0x00, 0x00, 0x00, 0x00, 0x00, 0x00, 0x01, 0x80, 0x03, 0x00, 
    0x06, 0x00, 0x0C, 0x00, 0x00, 0x00, 0x00, 0x00, 0x7F, 0xE0, 0x60, 0xE0, 
    0x41, 0xC0, 0x03, 0x80, 0x07, 0x00, 0x0E, 0x00, 0x1C, 0x00, 0x38, 0x20, 
    0x70, 0x60, 0x7F, 0xE0, 0x00, 0x00, 0x00, 0x00, 0x00, 0x00, 0x00, 0x00, 
    0x00, 0x00, 0x00, 0x00, 0x00, 0x00, 0x00, 0x00, 0x00, 0x00, 0x00, 0x00, 
    0x00, 0x00, 0x00, 0x00, 0x00, 0x00, 0x00, 0x00, 0x00, 0x00, 0x06, 0x00, 
    0x06, 0x00, 0x00, 0x00, 0x00, 0x00, 0x7F, 0xE0, 0x60, 0xE0, 0x41, 0xC0, 
    0x03, 0x80, 0x07, 0x00, 0x0E, 0x00, 0x1C, 0x00, 0x38, 0x20, 0x70, 0x60, 
    0x7F, 0xE0, 0x00, 0x00, 0x00, 0x00, 0x00, 0x00, 0x00, 0x00, 0x00, 0x00, 
    0x00, 0x00, 0x00, 0x00, 0x00, 0x00, 0x00, 0x00, 0x00, 0x00, 0x00, 0x00, 
    0x00, 0x00, 0x00, 0x00, 0x18, 0xC0, 0x0D, 0x80, 0x07, 0x00, 0x02, 0x00, 
    0x00, 0x00, 0x00, 0x00, 0x7F, 0xE0, 0x60, 0xE0, 0x41, 0xC0, 0x03, 0x80, 
    0x07, 0x00, 0x0E, 0x00, 0x1C, 0x00, 0x38, 0x20, 0x70, 0x60, 0x7F, 0xE0, 
    0x00, 0x00, 0x00, 0x00, 0x00, 0x00, 0x00, 0x00, 0x00, 0x00, 0x00, 0x00, 
    0x00, 0x00, 0x00, 0x00, 0x00, 0x00, 0x00, 0x00, 0x00, 0x00, 0x18, 0xC0, 
    0x0D, 0x80, 0x07, 0x00, 0x02, 0x00, 0x00, 0x00, 0x00, 0x00, 0x3F, 0xE0, 
    0x20, 0xC0, 0x03, 0x00, 0x0C, 0x00, 0x10, 0x00, 0x3F, 0x00, 0x21, 0xC0, 
    0x00, 0xE0, 0x00, 0x60, 0x00, 0x60, 0x00, 0x60, 0x00, 0x60, 0x20, 0xC0, 
    0x30, 0xC0, 0x39, 0x80, 0x1F, 0x00, 0x00, 0x00, 0x00, 0x00, 0x00, 0x00, 
    0x00, 0x00, 0x1F, 0xC0, 0x00, 0x00, 0x00, 0x00, 0x18, 0xC0, 0x18, 0xC0, 
    0x00, 0x00, 0x00, 0x00, 0xF0, 0x70, 0x60, 0x20, 0x60, 0x20, 0x60, 0x20, 
    0x60, 0x20, 0x60, 0x20, 0x60, 0x20, 0x60, 0x20, 0x60, 0x20, 0x60, 0x20, 
    0x60, 0x20, 0x70, 0x40, 0x3F, 0xC0, 0x1F, 0x80, 0x00, 0x00, 0x00, 0x00, 
    0x00, 0x00, 0x00, 0x00, 0x00, 0x00, 0x00, 0x00, 0x00, 0x00, 0x00, 0x00, 
    0x00, 0x00, 0x00, 0x00, 0x00, 0x00, 0x00, 0x00, 0x1F, 0x80, 0x00, 0x00, 
    0x00, 0x00, 0x19, 0x80, 0x19, 0x80, 0x00, 0x00, 0x00, 0x00, 0x79, 0xE0, 
    0x30, 0xC0, 0x30, 0xC0, 0x30, 0xC0, 0x30, 0xC0, 0x30, 0xC0, 0x30, 0xC0, 
    0x30, 0xC0, 0x39, 0xC0, 0x1E, 0x60, 0x00, 0x00, 0x00, 0x00, 0x00, 0x00, 
    0x00, 0x00, 0x00, 0x00, 0x00, 0x00, 0x00, 0x00, 0x01, 0x80, 0x03, 0x00, 
    0x06, 0x00, 0x00, 0x00, 0x18, 0xC0, 0x18, 0xC0, 0x00, 0x00, 0x00, 0x00, 
    0xF0, 0x70, 0x60, 0x20, 0x60, 0x20, 0x60, 0x20, 0x60, 0x20, 0x60, 0x20, 
    0x60, 0x20, 0x60, 0x20, 0x60, 0x20, 0x60, 0x20, 0x60, 0x20, 0x70, 0x40, 
    0x3F, 0xC0, 0x1F, 0x80, 0x00, 0x00, 0x00, 0x00, 0x00, 0x00, 0x00, 0x00, 
    0x00, 0x00, 0x00, 0x00, 0x00, 0x00, 0x00, 0x00, 0x00, 0x00, 0x00, 0x00, 
    0x00, 0x00, 0x03, 0x00, 0x06, 0x00, 0x0C, 0x00, 0x00, 0x00, 0x19, 0x80, 
    0x19, 0x80, 0x00, 0x00, 0x00, 0x00, 0x79, 0xE0, 0x30, 0xC0, 0x30, 0xC0, 
    0x30, 0xC0, 0x30, 0xC0, 0x30, 0xC0, 0x30, 0xC0, 0x30, 0xC0, 0x39, 0xC0, 
    0x1E, 0x60, 0x00, 0x00, 0x00, 0x00, 0x00, 0x00, 0x00, 0x00, 0x00, 0x00, 
    0x00, 0x00, 0x18, 0xC0, 0x0D, 0x80, 0x07, 0x00, 0x02, 0x00, 0x00, 0x00, 
    0x18, 0xC0, 0x18, 0xC0, 0x00, 0x00, 0x00, 0x00, 0xF0, 0x70, 0x60, 0x20, 
    0x60, 0x20, 0x60, 0x20, 0x60, 0x20, 0x60, 0x20, 0x60, 0x20, 0x60, 0x20, 
    0x60, 0x20, 0x60, 0x20, 0x60, 0x20, 0x70, 0x40, 0x3F, 0xC0, 0x1F, 0x80, 
    0x00, 0x00, 0x00, 0x00, 0x00, 0x00, 0x00, 0x00, 0x00, 0x00, 0x00, 0x00, 
    0x00, 0x00, 0x00, 0x00, 0x00, 0x00, 0x00, 0x00, 0x31, 0x80, 0x1B, 0x00, 
    0x0E, 0x00, 0x04, 0x00, 0x00, 0x00, 0x19, 0x80, 0x19, 0x80, 0x00, 0x00, 
    0x00, 0x00, 0x79, 0xE0, 0x30, 0xC0, 0x30, 0xC0, 0x30, 0xC0, 0x30, 0xC0, 
    0x30, 0xC0, 0x30, 0xC0, 0x30, 0xC0, 0x39, 0xC0, 0x1E, 0x60, 0x00, 0x00, 
    0x00, 0x00, 0x00, 0x00, 0x00, 0x00, 0x00, 0x00, 0x00, 0x00, 0x00, 0x00, 
    0x0C, 0x00, 0x06, 0x00, 0x03, 0x00, 0x00, 0x00, 0x18, 0xC0, 0x18, 0xC0, 
    0x00, 0x00, 0x00, 0x00, 0xF0, 0x70, 0x60, 0x20, 0x60, 0x20, 0x60, 0x20, 
    0x60, 0x20, 0x60, 0x20, 0x60, 0x20, 0x60, 0x20, 0x60, 0x20, 0x60, 0x20, 
    0x60, 0x20, 0x70, 0x40, 0x3F, 0xC0, 0x1F, 0x80, 0x00, 0x00, 0x00, 0x00, 
    0x00, 0x00, 0x00, 0x00, 0x00, 0x00, 0x00, 0x00, 0x00, 0x00, 0x00, 0x00, 
    0x00, 0x00, 0x00, 0x00, 0x00, 0x00, 0x0C, 0x00, 0x06, 0x00, 0x03, 0x00, 
    0x00, 0x00, 0x19, 0x80, 0x19, 0x80, 0x00, 0x00, 0x00, 0x00, 0x79, 0xE0, 
    0x30, 0xC0, 0x30, 0xC0, 0x30, 0xC0, 0x30, 0xC0, 0x30, 0xC0, 0x30, 0xC0, 
    0x30, 0xC0, 0x39, 0xC0, 0x1E, 0x60, 0x00, 0x00, 0x00, 0x00, 0x00, 0x00, 
    0x00, 0x00, 0x00, 0x00, 0x00, 0x00, 0x00, 0x00, 0x00, 0x00, 0x00, 0x00, 
    0x00, 0x00, 0x00, 0x00, 0x00, 0x00, 0x00, 0x00, 0x00, 0x00, 0x00, 0x00, 
    0x00, 0x00, 0x00, 0x00, 0x00, 0x00, 0x06, 0x60, 0x0C, 0xC0, 0x19, 0x80, 
    0x33, 0x00, 0x66, 0x00, 0x33, 0x00, 0x19, 0x80, 0x0C, 0xC0, 0x06, 0x60, 
    0x00, 0x00, 0x00, 0x00, 0x00, 0x00, 0x00, 0x00, 0x00, 0x00, 0x00, 0x00, 
    0x00, 0x00, 0x00, 0x00, 0x00, 0x00, 0x00, 0x00, 0x00, 0x00, 0x00, 0x00, 
    0x00, 0x00, 0x00, 0x00, 0x00, 0x00, 0xFF, 0xF0, 0x00, 0x00, 0x00, 0x00, 
    0x00, 0x00, 0x00, 0x00, 0x00, 0x00, 0x00, 0x00, 0x00, 0x00, 0x00, 0x00, 
    0x00, 0x00, 0x00, 0x00, 0x00, 0x00, 0x00, 0x00, 0x00, 0x00, 0x00, 0x00, 
    0x00, 0x00, 0x00, 0x00, 0x00, 0x00, 0x00, 0x00, 0x00, 0x00, 0x00, 0x00, 
    0x00, 0x00, 0x00, 0x00, 0x00, 0x00, 0x00, 0x00, 0x00, 0x00, 0x00, 0x00, 
    0x00, 0x00, 0x00, 0x00, 0x0E, 0x00, 0x11, 0x00, 0x11, 0x00, 0x11, 0x00, 
    0x0E, 0x00, 0x00, 0x00, 0x00, 0x00, 0x00, 0x00, 0x00, 0x00, 0x00, 0x00, 
    0x00, 0x00, 0x00, 0x00, 0x00, 0x00, 0x00, 0x00, 0x00, 0x00, 0x00, 0x00, 
    0x00, 0x00, 0x00, 0x00, 0x00, 0x00, 0x00, 0x00, 0x00, 0x00, 0x00, 0x00, 
    0x00, 0x00, 0x00, 0x00, 0x00, 0x00, 0x00, 0x00, 0x00, 0x00, 0x00, 0x00, 
    0x00, 0x00, 0x00, 0x00, 0x00, 0x00, 0x00, 0x00, 0x00, 0x00, 0x06, 0x00, 
    0x06, 0x00, 0x06, 0x00, 0x06, 0x00, 0x7F, 0xE0, 0x06, 0x00, 0x06, 0x00, 
    0x06, 0x00, 0x06, 0x00, 0x00, 0x00, 0x3F, 0xC0, 0x00, 0x00, 0x00, 0x00, 
    0x00, 0x00, 0x00, 0x00, 0x00, 0x00, 0x00, 0x00, 0x00, 0x00, 0x00, 0x00, 
    0x00, 0x00, 0x00, 0x00, 0x00, 0x00, 0x0F, 0x80, 0x19, 0xC0, 0x00, 0xC0, 
    0x00, 0x80, 0x01, 0x80, 0x03, 0x00, 0x06, 0x00, 0x0C, 0x00, 0x18, 0x40, 
    0x3F, 0xC0, 0x00, 0x00, 0x00, 0x00, 0x00, 0x00, 0x00, 0x00, 0x00, 0x00, 
    0x00, 0x00, 0x00, 0x00, 0x00, 0x00, 0x00, 0x00, 0x00, 0x00, 0x00, 0x00, 
    0x00, 0x00, 0x00, 0x00, 0x00, 0x00, 0x00, 0x00, 0x00, 0x00, 0x00, 0x00, 
    0x00, 0x00, 0x00, 0x00, 0x1F, 0x00, 0x31, 0x80, 0x01, 0x80, 0x03, 0x00, 
    0x0E, 0x00, 0x01, 0x00, 0x01, 0x80, 0x01, 0x80, 0x33, 0x00, 0x1E, 0x00, 
    0x00, 0x00, 0x00, 0x00, 0x00, 0x00, 0x00, 0x00, 0x00, 0x00, 0x00, 0x00, 
    0x00, 0x00, 0x00, 0x00, 0x00, 0x00, 0x00, 0x00, 0x00, 0x00, 0x00, 0x00, 
    0x00, 0x00, 0x00, 0x00, 0x00, 0x00, 0x00, 0x00, 0x00, 0x00, 0x00, 0x00, 
    0x00, 0x00, 0x00, 0x00, 0x00, 0x00, 0x00, 0x00, 0x00, 0x00, 0x00, 0x00, 
    0x00, 0x00, 0x00, 0x00, 0x00, 0x00, 0x00, 0x00, 0x04, 0x00, 0x1F, 0x00, 
    0x0E, 0x00, 0x0A, 0x00, 0x00, 0x00, 0x20, 0x80, 0xFB, 0xE0, 0x71, 0xC0, 
    0x51, 0x40, 0x00, 0x00, 0x00, 0x00, 0x00, 0x00, 0x00, 0x00, 0x00, 0x00, 
    0x00, 0x00, 0x00, 0x00, 0x00, 0x00, 0x00, 0x00, 0x00, 0x00, 0x00, 0x00, 
    0x00, 0x00, 0x00, 0x00, 0x00, 0x00, 0x00, 0x00, 0x00, 0x00, 0x0F, 0xE0, 
    0x1E, 0x40, 0x3E, 0x40, 0x3E, 0x40, 0x3E, 0x40, 0x1E, 0x40, 0x0E, 0x40, 
    0x02, 0x40, 0x02, 0x40, 0x02, 0x40, 0x02, 0x40, 0x02, 0x40, 0x02, 0x40, 
    0x02, 0x40, 0x00, 0x00, 0x00, 0x00, 0x00, 0x00, 0x00, 0x00, 0x00, 0x00, 
    0x00, 0x00, 0x00, 0x00, 0x00, 0x00, 0x00, 0x00, 0x00, 0x00, 0x00, 0x00, 
    0x00, 0x00, 0x00, 0x00, 0x00, 0x00, 0x00, 0x00, 0x00, 0x00, 0x00, 0x00, 
    0x00, 0x00, 0x00, 0x00, 0x00, 0x00, 0x00, 0x00, 0x06, 0x00, 0x0F, 0x00, 
    0x0F, 0x00, 0x06, 0x00, 0x00, 0x00, 0x00, 0x00, 0x00, 0x00, 0x00, 0x00, 
    0x00, 0x00, 0x00, 0x00, 0x00, 0x00, 0x00, 0x00, 0x00, 0x00, 0x00, 0x00, 
    0x00, 0x00, 0x00, 0x00, 0x00, 0x00, 0x00, 0x00, 0x00, 0x00, 0x00, 0x00, 
    0x00, 0x00, 0x00, 0x00, 0x00, 0x00, 0x00, 0x00, 0x00, 0x00, 0x3F, 0xC0, 
    0x3F, 0xC0, 0x3F, 0xC0, 0x3F, 0xC0, 0x3F, 0xC0, 0x3F, 0xC0, 0x3F, 0xC0, 
    0x3F, 0xC0, 0x3F, 0xC0, 0x3F, 0xC0, 0x3F, 0xC0, 0x3F, 0xC0, 0x00, 0x00, 
    0x00, 0x00, 0x00, 0x00, 0x00, 0x00, 0x00, 0x00, 0x00, 0x00, 0x00, 0x00, 
    0x00, 0x00, 0x00, 0x00, 0x00, 0x00, 0x02, 0x00, 0x06, 0x00, 0x0E, 0x00, 
    0x16, 0x00, 0x06, 0x00, 0x06, 0x00, 0x06, 0x00, 0x06, 0x00, 0x06, 0x00, 
    0x0F, 0x00, 0x00, 0x00, 0x00, 0x00, 0x00, 0x00, 0x00, 0x00, 0x00, 0x00, 
    0x00, 0x00, 0x00, 0x00, 0x00, 0x00, 0x00, 0x00, 0x00, 0x00, 0x00, 0x00, 
    0x00, 0x00, 0x00, 0x00, 0x00, 0x00, 0x00, 0x00, 0x00, 0x00, 0x00, 0x00, 
    0x00, 0x00, 0x00, 0x00, 0x00, 0x00, 0x00, 0x00, 0x00, 0x00, 0x00, 0x00, 
    0x00, 0x00, 0x07, 0x00, 0x19, 0x80, 0x10, 0xC0, 0x30, 0xC0, 0x30, 0xC0, 
    0x30, 0xC0, 0x30, 0x80, 0x19, 0x80, 0x0E, 0x00, 0x00, 0x00, 0x3F, 0xC0, 
    0x00, 0x00, 0x00, 0x00, 0x00, 0x00, 0x00, 0x00, 0x00, 0x00, 0x00, 0x00, 
    0x00, 0x00, 0x00, 0x00, 0x00, 0x00, 0x00, 0x00, 0x00, 0x00, 0x00, 0x00, 
    0x00, 0x00, 0x00, 0x00, 0x00, 0x00, 0x00, 0x00, 0x00, 0x00, 0x00, 0x00, 
    0x00, 0x00, 0x00, 0x00, 0x00, 0x00, 0x66, 0x00, 0x33, 0x00, 0x19, 0x80, 
    0x0C, 0xC0, 0x06, 0x60, 0x0C, 0xC0, 0x19, 0x80, 0x33, 0x00, 0x66, 0x00, 
    0x00, 0x00, 0x00, 0x00, 0x00, 0x00, 0x00, 0x00, 0x00, 0x00, 0x00, 0x00, 
    0x00, 0x00, 0x00, 0x00, 0x00, 0x00, 0x00, 0x00, 0x00, 0x00, 0x00, 0x00, 
    0x00, 0x00, 0x00, 0x00, 0x00, 0x00, 0x00, 0x00, 0x06, 0x00, 0x06, 0x00, 
    0x00, 0x00, 0x00, 0x00, 0x06, 0x00, 0x06, 0x00, 0x06, 0x00, 0x04, 0x00, 
    0x08, 0x00, 0x10, 0x00, 0x30, 0x00, 0x30, 0x40, 0x38, 0x40, 0x1D, 0x80, 
    0x0F, 0x00, 0x00, 0x00, 0x00, 0x00, 0x00, 0x00, 0x00, 0x00, 0x00, 0x00, 
    0x00, 0x00, 0x00, 0x00, 0x00, 0x00, 0x00, 0x00, 0x00, 0x00, 0x00, 0x00, 
    0x00, 0x00, 0x00, 0x00, 0x00, 0x00, 0x00, 0x00, 0x00, 0x00, 0x00, 0x00, 
    0x00, 0x00, 0x00, 0x00, 0x00, 0x00, 0x30, 0xC0, 0x19, 0x80, 0x0F, 0x00, 
    0x06, 0x00, 0x0F, 0x00, 0x19, 0x80, 0x30, 0xC0, 0x00, 0x00, 0x00, 0x00, 
    0x00, 0x00, 0x00, 0x00, 0x00, 0x00, 0x00, 0x00, 0x00, 0x00, 0x00, 0x00, 
    0x00, 0x00, 0x00, 0x00, 0x00, 0x00, 0x00, 0x00, 0x00, 0x00, 0x00, 0x00, 
    0x00, 0x00, 0x00, 0x00, 0x00, 0x00, 0x00, 0x00, 0x00, 0x00, 0x00, 0x00, 
    0x00, 0x00, 0x06, 0x00, 0x06, 0x00, 0x00, 0x00, 0x00, 0x00, 0x7F, 0xE0, 
    0x00, 0x00, 0x00, 0x00, 0x06, 0x00, 0x06, 0x00, 0x00, 0x00, 0x00, 0x00, 
    0x00, 0x00, 0x00, 0x00, 0x00, 0x00, 0x00, 0x00, 0x00, 0x00, 0x00, 0x00, 
    0x00, 0x00, 0x00, 0x00, 0x00, 0x00, 0x00, 0x00, 0x00, 0x00, 0x00, 0x00, 
    0x00, 0x00, 0x00, 0x00, 0x00, 0x00, 0x00, 0x00, 0x3F, 0xC0, 0x3F, 0xC0, 
    0x3F, 0xC0, 0x3F, 0xC0, 0x3F, 0xC0, 0x3F, 0xC0, 0x3F, 0xC0, 0x3F, 0xC0, 
    0x3F, 0xC0, 0x3F, 0xC0, 0x3F, 0xC0, 0x3F, 0xC0, 0x00, 0x00, 0x00, 0x00, 
    0x00, 0x00, 0x00, 0x00, 0x00, 0x00, 0x00, 0x00, 0x00, 0x00, 0x00, 0x00, 
    0x00, 0x00, 0x00, 0x00, 0x00, 0x00, 0x00, 0x00, 0x00, 0x00, 0x00, 0x00, 
    0x00, 0x00, 0x00, 0x00, 0x00, 0x00, 0x3F, 0xC0, 0x3F, 0xC0, 0x3F, 0xC0, 
    0x3F, 0xC0, 0x3F, 0xC0, 0x3F, 0xC0, 0x3F, 0xC0, 0x3F, 0xC0, 0x3F, 0xC0, 
    0x3F, 0xC0, 0x3F, 0xC0, 0x3F, 0xC0, 0x00, 0x00, 0x00, 0x00, 0x00, 0x00, 
    0x00, 0x00, 0x00, 0x00, 0x00, 0x00, 0x00, 0x00, 0x00, 0x00, 0x00, 0x00, 
    0x00, 0x00, 0x00, 0x00, 0x00, 0x00, 0x00, 0x00, 0x00, 0x00, 0x00, 0x00, 
    0x00, 0x00, 0x00, 0x00, 0x3F, 0xC0, 0x3F, 0xC0, 0x3F, 0xC0, 0x3F, 0xC0, 
    0x3F, 0xC0, 0x3F, 0xC0, 0x3F, 0xC0, 0x3F, 0xC0, 0x3F, 0xC0, 0x3F, 0xC0, 
    0x3F, 0xC0, 0x3F, 0xC0, 0x00, 0x00, 0x00, 0x00, 0x00, 0x00, 0x00, 0x00, 
    0x00, 0x00, 0x00, 0x00, 0x00, 0x00, 0x00, 0x00, 0x00, 0x00, 0x00, 0x00, 
    0x00, 0x00, 0x00, 0x00, 0x00, 0x00, 0x00, 0x00, 0x00, 0x00, 0x00, 0x00, 
    0x00, 0x00, 0x3F, 0xC0, 0x3F, 0xC0, 0x3F, 0xC0, 0x3F, 0xC0, 0x3F, 0xC0, 
    0x3F, 0xC0, 0x3F, 0xC0, 0x3F, 0xC0, 0x3F, 0xC0, 0x3F, 0xC0, 0x3F, 0xC0, 
    0x3F, 0xC0, 0x00, 0x00, 0x00, 0x00, 0x00, 0x00, 0x00, 0x00, 0x00, 0x00, 
    0x00, 0x00, 0x00, 0x00, 0x00, 0x00, 0x00, 0x00, 0x00, 0x00, 0x00, 0x00, 
    0x00, 0x00, 0x00, 0x00, 0x00, 0x00, 0x00, 0x00, 0x00, 0x00, 0x00, 0x00, 
    0x00, 0x00, 0x00, 0x00, 0x00, 0x00, 0x00, 0x00, 0x00, 0x00, 0x00, 0x00, 
    0x00, 0x00, 0x00, 0x00, 0x30, 0xC0, 0x79, 0xE0, 0x79, 0xE0, 0x18, 0x60, 
    0x18, 0x60, 0x30, 0xC0, 0x20, 0x80, 0x00, 0x00, 0x00, 0x00, 0x00, 0x00, 
    0x00, 0x00, 0x00, 0x00, 0x00, 0x00, 0x00, 0x00, 0x00, 0x00, 0x00, 0x00, 
    0x00, 0x00, 0x00, 0x00, 0x00, 0x00, 0x00, 0x00, 0x00, 0x00, 0x00, 0x00, 
    0x00, 0x00, 0x00, 0x00, 0x00, 0x00, 0x00, 0x00, 0x00, 0x00, 0x00, 0x00, 
    0x00, 0x00, 0x22, 0x20, 0x77, 0x70, 0x77, 0x70, 0x22, 0x20, 0x00, 0x00, 
    0x00, 0x00, 0x00, 0x00, 0x00, 0x00, 0x00, 0x00, 0x00, 0x00, 0x00, 0x00, 
    0x00, 0x00, 0x00, 0x00, 0x00, 0x00, 0x00, 0x00, 0x00, 0x00, 0x00, 0x00, 
    0x00, 0x00, 0x00, 0x00, 0x63, 0x00, 0x93, 0x00, 0x96, 0x00, 0x66, 0x00, 
    0x0C, 0x00, 0x0C, 0x00, 0x18, 0x00, 0x18, 0x00, 0x30, 0x00, 0x30, 0x00, 
    0x66, 0x60, 0x69, 0x90, 0xC9, 0x90, 0xC6, 0x60, 0x00, 0x00, 0x00, 0x00, 
    0x00, 0x00, 0x00, 0x00, 0x00, 0x00, 0x00, 0x00, 0x00, 0x00, 0x00, 0x00, 
    0x00, 0x00, 0x00, 0x00, 0x00, 0x00, 0x00, 0x00, 0x00, 0x00, 0x00, 0x00, 
    0x00, 0x00, 0x00, 0x00, 0x00, 0x00, 0x00, 0x00, 0x01, 0x80, 0x03, 0x00, 
    0x06, 0x00, 0x0C, 0x00, 0x18, 0x00, 0x0C, 0x00, 0x06, 0x00, 0x03, 0x00, 
    0x01, 0x80, 0x00, 0x00, 0x00, 0x00, 0x00, 0x00, 0x00, 0x00, 0x00, 0x00, 
    0x00, 0x00, 0x00, 0x00, 0x00, 0x00, 0x00, 0x00, 0x00, 0x00, 0x00, 0x00, 
    0x00, 0x00, 0x00, 0x00, 0x00, 0x00, 0x00, 0x00, 0x00, 0x00, 0x00, 0x00, 
    0x00, 0x00, 0x00, 0x00, 0x00, 0x00, 0x18, 0x00, 0x0C, 0x00, 0x06, 0x00, 
    0x03, 0x00, 0x01, 0x80, 0x03, 0x00, 0x06, 0x00, 0x0C, 0x00, 0x18, 0x00, 
    0x00, 0x00, 0x00, 0x00, 0x00, 0x00, 0x00, 0x00, 0x00, 0x00, 0x00, 0x00, 
    0x00, 0x00, 0x00, 0x00, 0x00, 0x00, 0x00, 0x00, 0x00, 0x00, 0x00, 0x00, 
    0x00, 0x00, 0x00, 0x00, 0x00, 0x00, 0x00, 0x00, 0xFA, 0x20, 0x23, 0x60, 
    0x22, 0xA0, 0x22, 0x20, 0x22, 0x20, 0x00, 0x00, 0x00, 0x00, 0x00, 0x00, 
    0x00, 0x00, 0x00, 0x00, 0x00, 0x00, 0x00, 0x00, 0x00, 0x00, 0x00, 0x00, 
    0x00, 0x00, 0x00, 0x00, 0x00, 0x00, 0x00, 0x00, 0x00, 0x00, 0x00, 0x00, 
    0x00, 0x00, 0x00, 0x00, 0x00, 0x00, 0x00, 0x00, 0x00, 0x00, 0x00, 0x00, 
    0x00, 0x00, 0x00, 0x00, 0x00, 0x00, 0x06, 0x00, 0x06, 0x00, 0x00, 0x00, 
    0x00, 0x00, 0x06, 0x00, 0x06, 0x00, 0x06, 0x00, 0x06, 0x00, 0x0F, 0x00, 
    0x0F, 0x00, 0x0F, 0x00, 0x0F, 0x00, 0x0F, 0x00, 0x0F, 0x00, 0x0F, 0x00, 
    0x06, 0x00, 0x00, 0x00, 0x00, 0x00, 0x00, 0x00, 0x00, 0x00, 0x00, 0x00, 
    0x00, 0x00, 0x00, 0x00, 0x00, 0x00, 0x00, 0x00, 0x00, 0x00, 0x00, 0x00, 
    0x00, 0x00, 0x00, 0x00, 0x1F, 0x00, 0x31, 0x80, 0x30, 0x00, 0x18, 0x00, 
    0x0C, 0x00, 0x1E, 0x00, 0x33, 0x00, 0x31, 0x80, 0x19, 0x80, 0x0F, 0x00, 
    0x06, 0x00, 0x03, 0x00, 0x01, 0x80, 0x31, 0x80, 0x1F, 0x00, 0x00, 0x00, 
    0x00, 0x00, 0x00, 0x00, 0x00, 0x00, 0x00, 0x00, 0x00, 0x00, 0x00, 0x00, 
    0x00, 0x00, 0x00, 0x00, 0x00, 0x00, 0x00, 0x00, 0x00, 0x00, 0x00, 0x00, 
    0x10, 0x40, 0x30, 0xC0, 0x61, 0x80, 0x61, 0x80, 0x79, 0xE0, 0x79, 0xE0, 
    0x30, 0xC0, 0x00, 0x00, 0x00, 0x00, 0x00, 0x00, 0x00, 0x00, 0x00, 0x00, 
    0x00, 0x00, 0x00, 0x00, 0x00, 0x00, 0x00, 0x00, 0x00, 0x00, 0x00, 0x00, 
    0x00, 0x00, 0x00, 0x00, 0x00, 0x00, 0x00, 0x00, 0x00, 0x00, 0x00, 0x00, 
    0x00, 0x00, 0x00, 0x00, 0x00, 0x00, 0x00, 0x00, 0x00, 0x00, 0x00, 0x00, 
    0x00, 0x00, 0x00, 0x00, 0x00, 0x00, 0x0F, 0x00, 0x30, 0xC0, 0x40, 0x20, 
    0x4F, 0x20, 0x90, 0x90, 0x90, 0x10, 0x90, 0x10, 0x90, 0x90, 0x4F, 0x20, 
    0x40, 0x20, 0x30, 0xC0, 0x0F, 0x00, 0x00, 0x00, 0x00, 0x00, 0x00, 0x00, 
    0x00, 0x00, 0x00, 0x00, 0x00, 0x00, 0x00, 0x00, 0x00, 0x00, 0x00, 0x00, 
    0x00, 0x00, 0x00, 0x00, 0x00, 0x00, 0x00, 0x00, 0x00, 0x00, 0x00, 0x00, 
    0x0F, 0x00, 0x11, 0x80, 0x21, 0x80, 0x01, 0x80, 0x0F, 0x80, 0x31, 0x80, 
    0x31, 0x80, 0x33, 0x80, 0x1C, 0xC0, 0x00, 0x00, 0x3F, 0xC0, 0x00, 0x00, 
    0x00, 0x00, 0x00, 0x00, 0x00, 0x00, 0x00, 0x00, 0x00, 0x00, 0x00, 0x00, 
    0x00, 0x00, 0x00, 0x00, 0x00, 0x00, 0x00, 0x00, 0x00, 0x00, 0x00, 0x00, 
    0x00, 0x00, 0x00, 0x00, 0x00, 0x00, 0x00, 0x00, 0x00, 0x00, 0x00, 0x00, 
    0x00, 0x00, 0x0F, 0x00, 0x30, 0xC0, 0x40, 0x20, 0x5F, 0x20, 0x90, 0x90, 
    0x90, 0x90, 0x9F, 0x10, 0x91, 0x10, 0x50, 0xA0, 0x40, 0x20, 0x30, 0xC0, 
    0x0F, 0x00, 0x00, 0x00, 0x00, 0x00, 0x00, 0x00, 0x00, 0x00, 0x00, 0x00, 
    0x00, 0x00, 0x00, 0x00, 0x00, 0x00, 0x00, 0x00, 0x00, 0x00, 0x00, 0x00, 
    0x00, 0x00, 0x08, 0x00, 0x18, 0x00, 0x30, 0x00, 0x26, 0x00, 0x06, 0x00, 
    0x0B, 0x00, 0x0B, 0x00, 0x09, 0x00, 0x11, 0x80, 0x11, 0x80, 0x10, 0x80, 
    0x3F, 0xC0, 0x20, 0xC0, 0x20, 0x40, 0x40, 0x60, 0x40, 0x60, 0xE0, 0xF0, 
    0x00, 0x00, 0x00, 0x00, 0x00, 0x00, 0x00, 0x00, 0x00, 0x00, 0x00, 0x00, 
    0x00, 0x00, 0x00, 0x00, 0x00, 0x00, 0x00, 0x00, 0x00, 0x00, 0x00, 0x00, 
    0x20, 0x00, 0x60, 0x00, 0xC0, 0x00, 0xBF, 0xE0, 0x18, 0x20, 0x18, 0x00, 
    0x18, 0x00, 0x18, 0x00, 0x18, 0x40, 0x1F, 0xC0, 0x18, 0x40, 0x18, 0x00, 
    0x18, 0x00, 0x18, 0x00, 0x18, 0x00, 0x18, 0x10, 0x3F, 0xF0, 0x00, 0x00, 
    0x00, 0x00, 0x00, 0x00, 0x00, 0x00, 0x00, 0x00, 0x00, 0x00, 0x00, 0x00, 
    0x00, 0x00, 0x00, 0x00, 0x00, 0x00, 0x00, 0x00, 0x00, 0x00, 0x20, 0x00, 
    0x60, 0x00, 0xC0, 0x00, 0xB8, 0xF0, 0x30, 0x60, 0x30, 0x60, 0x30, 0x60, 
    0x30, 0x60, 0x30, 0x60, 0x3F, 0xE0, 0x30, 0x60, 0x30, 0x60, 0x30, 0x60, 
    0x30, 0x60, 0x30, 0x60, 0x30, 0x60, 0x78, 0xF0, 0x00, 0x00, 0x00, 0x00, 
    0x00, 0x00, 0x00, 0x00, 0x00, 0x00, 0x00, 0x00, 0x00, 0x00, 0x00, 0x00, 
    0x00, 0x00, 0x00, 0x00, 0x00, 0x00, 0x00, 0x00, 0x10, 0x00, 0x30, 0x00, 
    0x60, 0x00, 0x5F, 0x80, 0x06, 0x00, 0x06, 0x00, 0x06, 0x00, 0x06, 0x00, 
    0x06, 0x00, 0x06, 0x00, 0x06, 0x00, 0x06, 0x00, 0x06, 0x00, 0x06, 0x00, 
    0x06, 0x00, 0x06, 0x00, 0x1F, 0x80, 0x00, 0x00, 0x00, 0x00, 0x00, 0x00, 
    0x00, 0x00, 0x00, 0x00, 0x00, 0x00, 0x00, 0x00, 0x00, 0x00, 0x00, 0x00, 
    0x00, 0x00, 0x00, 0x00, 0x00, 0x00, 0x20, 0x00, 0x60, 0x00, 0xC0, 0x00, 
    0x8F, 0x00, 0x11, 0xC0, 0x20, 0xC0, 0x20, 0x60, 0x60, 0x60, 0x60, 0x60, 
    0x60, 0x60, 0x60, 0x60, 0x60, 0x60, 0x60, 0x60, 0x20, 0x40, 0x30, 0x40, 
    0x18, 0x80, 0x0F, 0x00, 0x00, 0x00, 0x00, 0x00, 0x00, 0x00, 0x00, 0x00, 
    0x00, 0x00, 0x00, 0x00, 0x00, 0x00, 0x00, 0x00, 0x00, 0x00, 0x00, 0x00, 
    0x00, 0x00, 0x00, 0x00, 0x20, 0x00, 0x60, 0x00, 0xC0, 0x00, 0xB0, 0x70, 
    0x20, 0x20, 0x30, 0x40, 0x18, 0x80, 0x18, 0x80, 0x0D, 0x00, 0x06, 0x00, 
    0x06, 0x00, 0x06, 0x00, 0x06, 0x00, 0x06, 0x00, 0x06, 0x00, 0x06, 0x00, 
    0x0F, 0x00, 0x00, 0x00, 0x00, 0x00, 0x00, 0x00, 0x00, 0x00, 0x00, 0x00, 
    0x00, 0x00, 0x00, 0x00, 0x00, 0x00, 0x00, 0x00, 0x00, 0x00, 0x00, 0x00, 
    0x00, 0x00, 0x20, 0x00, 0x60, 0x00, 0xC0, 0x00, 0x8F, 0x00, 0x39, 0xC0, 
    0x60, 0x60, 0x40, 0x30, 0xC0, 0x30, 0xC0, 0x30, 0xC0, 0x30, 0xC0, 0x30, 
    0x60, 0x60, 0x70, 0xE0, 0x19, 0x80, 0x89, 0x10, 0xF9, 0xF0, 0xF9, 0xF0, 
    0x00, 0x00, 0x00, 0x00, 0x00, 0x00, 0x00, 0x00, 0x00, 0x00, 0x00, 0x00, 
    0x00, 0x00, 0x00, 0x00, 0x00, 0x00, 0x00, 0x00, 0x00, 0x00, 0x03, 0x00, 
    0x06, 0x00, 0x0C, 0x00, 0x00, 0x00, 0x19, 0x80, 0x19, 0x80, 0x00, 0x00, 
    0x00, 0x00, 0x1E, 0x00, 0x06, 0x00, 0x06, 0x00, 0x06, 0x00, 0x06, 0x00, 
    0x06, 0x00, 0x06, 0x00, 0x06, 0x00, 0x07, 0x80, 0x03, 0x00, 0x00, 0x00, 
    0x00, 0x00, 0x00, 0x00, 0x00, 0x00, 0x00, 0x00, 0x00, 0x00, 0x00, 0x00, 
    0x00, 0x00, 0x00, 0x00, 0x00, 0x00, 0x00, 0x00, 0x00, 0x00, 0x00, 0x00, 
    0x00, 0x00, 0x00, 0x00, 0x7F, 0xE0, 0x30, 0x60, 0x30, 0x20, 0x30, 0x00, 
    0x30, 0x00, 0x30, 0x00, 0x30, 0x00, 0x30, 0x00, 0x30, 0x00, 0x30, 0x00, 
    0x30, 0x00, 0x30, 0x00, 0x30, 0x00, 0x78, 0x00, 0x00, 0x00, 0x00, 0x00, 
    0x00, 0x00, 0x00, 0x00, 0x00, 0x00, 0x00, 0x00, 0x00, 0x00, 0x00, 0x00, 
    0x00, 0x00, 0x00, 0x00, 0x00, 0x00, 0x00, 0x00, 0x00, 0x00, 0x00, 0x00, 
    0x00, 0x00, 0x06, 0x00, 0x06, 0x00, 0x0B, 0x00, 0x0B, 0x00, 0x09, 0x00, 
    0x11, 0x80, 0x11, 0x80, 0x10, 0x80, 0x20, 0xC0, 0x20, 0xC0, 0x20, 0x40, 
    0x40, 0x60, 0x40, 0x60, 0xFF, 0xF0, 0x00, 0x00, 0x00, 0x00, 0x00, 0x00, 
    0x00, 0x00, 0x00, 0x00, 0x00, 0x00, 0x00, 0x00, 0x00, 0x00, 0x00, 0x00, 
    0x00, 0x00, 0x00, 0x00, 0x00, 0x00, 0x00, 0x00, 0x00, 0x00, 0x00, 0x00, 
    0x0F, 0x00, 0x11, 0xC0, 0x20, 0xC0, 0x20, 0x60, 0x60, 0x60, 0x60, 0x60, 
    0x6F, 0x60, 0x6F, 0x60, 0x60, 0x60, 0x60, 0x60, 0x20, 0x40, 0x30, 0x40, 
    0x18, 0x80, 0x0F, 0x00, 0x00, 0x00, 0x00, 0x00, 0x00, 0x00, 0x00, 0x00, 
    0x00, 0x00, 0x00, 0x00, 0x00, 0x00, 0x00, 0x00, 0x00, 0x00, 0x00, 0x00, 
    0x00, 0x00, 0x00, 0x00, 0x00, 0x00, 0x00, 0x00, 0x00, 0x00, 0x06, 0x00, 
    0x06, 0x00, 0x0B, 0x00, 0x0B, 0x00, 0x09, 0x00, 0x11, 0x80, 0x11, 0x80, 
    0x10, 0x80, 0x20, 0xC0, 0x20, 0xC0, 0x20, 0x40, 0x40, 0x60, 0x40, 0x60, 
    0xE0, 0xF0, 0x00, 0x00, 0x00, 0x00, 0x00, 0x00, 0x00, 0x00, 0x00, 0x00, 
    0x00, 0x00, 0x00, 0x00, 0x00, 0x00, 0x00, 0x00, 0x00, 0x00, 0x00, 0x00, 
    0x00, 0x00, 0x00, 0x00, 0x00, 0x00, 0x00, 0x00, 0x7F, 0xE0, 0x7F, 0xE0, 
    0x40, 0x20, 0x00, 0x00, 0x00, 0x00, 0x10, 0x80, 0x1F, 0x80, 0x1F, 0x80, 
    0x10, 0x80, 0x00, 0x00, 0x00, 0x00, 0x40, 0x20, 0x7F, 0xE0, 0x7F, 0xE0, 
    0x00, 0x00, 0x00, 0x00, 0x00, 0x00, 0x00, 0x00, 0x00, 0x00, 0x00, 0x00, 
    0x00, 0x00, 0x00, 0x00, 0x00, 0x00, 0x00, 0x00, 0x00, 0x00, 0x00, 0x00, 
    0x00, 0x00, 0x00, 0x00, 0x00, 0x00, 0x7F, 0xE0, 0x30, 0xC0, 0x30, 0xC0, 
    0x30, 0xC0, 0x30, 0xC0, 0x30, 0xC0, 0x30, 0xC0, 0x30, 0xC0, 0x30, 0xC0, 
    0x30, 0xC0, 0x30, 0xC0, 0x30, 0xC0, 0x30, 0xC0, 0x79, 0xE0, 0x00, 0x00, 
    0x00, 0x00, 0x00, 0x00, 0x00, 0x00, 0x00, 0x00, 0x00, 0x00, 0x00, 0x00, 
    0x00, 0x00, 0x00, 0x00, 0x00, 0x00, 0x00, 0x00, 0x00, 0x00, 0x00, 0x00, 
    0x00, 0x00, 0x00, 0x00, 0x7F, 0xE0, 0x20, 0x60, 0x30, 0x20, 0x10, 0x00, 
    0x18, 0x00, 0x08, 0x00, 0x0C, 0x00, 0x06, 0x00, 0x0C, 0x00, 0x18, 0x00, 
    0x18, 0x00, 0x30, 0x20, 0x60, 0x60, 0x7F, 0xE0, 0x00, 0x00, 0x00, 0x00, 
    0x00, 0x00, 0x00, 0x00, 0x00, 0x00, 0x00, 0x00, 0x00, 0x00, 0x00, 0x00, 
    0x00, 0x00, 0x00, 0x00, 0x00, 0x00, 0x00, 0x00, 0x00, 0x00, 0x00, 0x00, 
    0x00, 0x00, 0x1F, 0x80, 0x06, 0x00, 0x1F, 0x80, 0x26, 0x60, 0x46, 0x20, 
    0x46, 0x30, 0xC6, 0x30, 0xC6, 0x30, 0xC6, 0x20, 0x46, 0x20, 0x66, 0x40, 
    0x1F, 0x80, 0x06, 0x00, 0x1F, 0x80, 0x00, 0x00, 0x00, 0x00, 0x00, 0x00, 
    0x00, 0x00, 0x00, 0x00, 0x00, 0x00, 0x00, 0x00, 0x00, 0x00, 0x00, 0x00, 
    0x00, 0x00, 0x00, 0x00, 0x00, 0x00, 0x00, 0x00, 0x00, 0x00, 0x00, 0x00, 
    0xCF, 0x30, 0x66, 0x60, 0x66, 0x60, 0x66, 0x60, 0x66, 0x60, 0x66, 0x60, 
    0x36, 0xC0, 0x1F, 0x80, 0x06, 0x00, 0x06, 0x00, 0x06, 0x00, 0x06, 0x00, 
    0x06, 0x00, 0x0F, 0x00, 0x00, 0x00, 0x00, 0x00, 0x00, 0x00, 0x00, 0x00, 
    0x00, 0x00, 0x00, 0x00, 0x00, 0x00, 0x00, 0x00, 0x00, 0x00, 0x00, 0x00, 
    0x00, 0x00, 0x00, 0x00, 0x00, 0x00, 0x00, 0x00, 0x00, 0x00, 0x0F, 0x00, 
    0x39, 0xC0, 0x60, 0x60, 0x40, 0x30, 0xC0, 0x30, 0xC0, 0x30, 0xC0, 0x30, 
    0xC0, 0x30, 0x60, 0x60, 0x70, 0xE0, 0x19, 0x80, 0x89, 0x10, 0xF9, 0xF0, 
    0xF9, 0xF0, 0x00, 0x00, 0x00, 0x00, 0x00, 0x00, 0x00, 0x00, 0x00, 0x00, 
    0x00, 0x00, 0x00, 0x00, 0x00, 0x00, 0x00, 0x00, 0x00, 0x00, 0x00, 0x00, 
    0x00, 0x00, 0x00, 0x00, 0x00, 0x00, 0x00, 0x00, 0x00, 0x00, 0x00, 0x00, 
    0x3F, 0xC0, 0x3F, 0xC0, 0x3F, 0xC0, 0x3F, 0xC0, 0x3F, 0xC0, 0x3F, 0xC0, 
    0x3F, 0xC0, 0x3F, 0xC0, 0x3F, 0xC0, 0x3F, 0xC0, 0x3F, 0xC0, 0x3F, 0xC0, 
    0x00, 0x00, 0x00, 0x00, 0x00, 0x00, 0x00, 0x00, 0x00, 0x00, 0x00, 0x00, 
    0x00, 0x00, 0x00, 0x00, 0x00, 0x00, 0x00, 0x00, 0x00, 0x00, 0x00, 0x00, 
    0x00, 0x00, 0x01, 0x80, 0x03, 0x00, 0x06, 0x00, 0x0C, 0x00, 0x00, 0x00, 
    0x00, 0x00, 0x1C, 0x00, 0x36, 0x20, 0x23, 0x20, 0x63, 0x40, 0x61, 0x40, 
    0x61, 0x80, 0x61, 0x80, 0x61, 0xC0, 0x32, 0xC0, 0x1C, 0x60, 0x00, 0x00, 
    0x00, 0x00, 0x00, 0x00, 0x00, 0x00, 0x00, 0x00, 0x00, 0x00, 0x00, 0x00, 
    0x00, 0x00, 0x00, 0x00, 0x00, 0x00, 0x00, 0x00, 0x00, 0x00, 0x00, 0x00, 
    0x00, 0xC0, 0x01, 0x80, 0x03, 0x00, 0x06, 0x00, 0x00, 0x00, 0x00, 0x00, 
    0x1F, 0x80, 0x30, 0xC0, 0x60, 0x00, 0x30, 0x00, 0x1F, 0x80, 0x30, 0x00, 
    0x60, 0x00, 0x60, 0x00, 0x30, 0xC0, 0x1F, 0x80, 0x00, 0x00, 0x00, 0x00, 
    0x00, 0x00, 0x00, 0x00, 0x00, 0x00, 0x00, 0x00, 0x00, 0x00, 0x00, 0x00, 
    0x00, 0x00, 0x00, 0x00, 0x00, 0x00, 0x00, 0x00, 0x00, 0x00, 0x01, 0x80, 
    0x03, 0x00, 0x06, 0x00, 0x0C, 0x00, 0x00, 0x00, 0x00, 0x00, 0x27, 0x80, 
    0x79, 0xC0, 0x30, 0xC0, 0x30, 0xC0, 0x30, 0xC0, 0x30, 0xC0, 0x30, 0xC0, 
    0x30, 0xC0, 0x30, 0xC0, 0x30, 0xC0, 0x00, 0xC0, 0x00, 0xC0, 0x00, 0xC0, 
    0x00, 0xC0, 0x00, 0x00, 0x00, 0x00, 0x00, 0x00, 0x00, 0x00, 0x00, 0x00, 
    0x00, 0x00, 0x00, 0x00, 0x00, 0x00, 0x00, 0x00, 0x01, 0x80, 0x03, 0x00, 
    0x06, 0x00, 0x0C, 0x00, 0x00, 0x00, 0x00, 0x00, 0x1E, 0x00, 0x06, 0x00, 
    0x06, 0x00, 0x06, 0x00, 0x06, 0x00, 0x06, 0x00, 0x06, 0x00, 0x06, 0x00, 
    0x06, 0x80, 0x03, 0x00, 0x00, 0x00, 0x00, 0x00, 0x00, 0x00, 0x00, 0x00, 
    0x00, 0x00, 0x00, 0x00, 0x00, 0x00, 0x00, 0x00, 0x00, 0x00, 0x00, 0x00, 
    0x00, 0x00, 0x06, 0x00, 0x0C, 0x00, 0x18, 0x00, 0x00, 0x00, 0x33, 0x00, 
    0x33, 0x00, 0x00, 0x00, 0x00, 0x00, 0x71, 0x80, 0x30, 0xC0, 0x30, 0x60, 
    0x30, 0x60, 0x30, 0x60, 0x30, 0x60, 0x30, 0x60, 0x30, 0xC0, 0x39, 0x80, 
    0x1F, 0x00, 0x00, 0x00, 0x00, 0x00, 0x00, 0x00, 0x00, 0x00, 0x00, 0x00, 
    0x00, 0x00, 0x00, 0x00, 0x00, 0x00, 0x00, 0x00, 0x00, 0x00, 0x00, 0x00, 
    0x00, 0x00, 0x00, 0x00, 0x00, 0x00, 0x00, 0x00, 0x00, 0x00, 0x00, 0x00, 
    0x00, 0x00, 0x00, 0x00, 0x1C, 0x00, 0x36, 0x20, 0x23, 0x20, 0x63, 0x40, 
    0x61, 0x40, 0x61, 0x80, 0x61, 0x80, 0x61, 0xC0, 0x32, 0xC0, 0x1C, 0x60, 
    0x00, 0x00, 0x00, 0x00, 0x00, 0x00, 0x00, 0x00, 0x00, 0x00, 0x00, 0x00, 
    0x00, 0x00, 0x00, 0x00, 0x00, 0x00, 0x00, 0x00, 0x00, 0x00, 0x00, 0x00, 
    0x00, 0x00, 0x00, 0x00, 0x00, 0x00, 0x0F, 0x80, 0x18, 0xC0, 0x30, 0xC0, 
    0x30, 0xC0, 0x30, 0x80, 0x37, 0x00, 0x31, 0xC0, 0x30, 0xC0, 0x30, 0x60, 
    0x30, 0x60, 0x30, 0x60, 0x30, 0x60, 0x30, 0xC0, 0x3F, 0x00, 0x30, 0x00, 
    0x30, 0x00, 0x30, 0x00, 0x30, 0x00, 0x00, 0x00, 0x00, 0x00, 0x00, 0x00, 
    0x00, 0x00, 0x00, 0x00, 0x00, 0x00, 0x00, 0x00, 0x00, 0x00, 0x00, 0x00, 
    0x00, 0x00, 0x00, 0x00, 0x00, 0x00, 0x00, 0x00, 0x00, 0x00, 0x00, 0x00, 
    0x18, 0x60, 0x3C, 0xC0, 0x24, 0xC0, 0x04, 0x80, 0x05, 0x80, 0x05, 0x00, 
    0x07, 0x00, 0x06, 0x00, 0x06, 0x00, 0x06, 0x00, 0x0E, 0x00, 0x0E, 0x00, 
    0x0E, 0x00, 0x04, 0x00, 0x00, 0x00, 0x00, 0x00, 0x00, 0x00, 0x00, 0x00, 
    0x00, 0x00, 0x00, 0x00, 0x00, 0x00, 0x00, 0x00, 0x00, 0x00, 0x00, 0x00, 
    0x00, 0x00, 0x1F, 0x00, 0x21, 0x80, 0x20, 0x80, 0x10, 0x00, 0x0C, 0x00, 
    0x07, 0x00, 0x19, 0x80, 0x30, 0xC0, 0x60, 0xC0, 0x60, 0xC0, 0x60, 0xC0, 
    0x60, 0xC0, 0x31, 0x80, 0x1F, 0x00, 0x00, 0x00, 0x00, 0x00, 0x00, 0x00, 
    0x00, 0x00, 0x00, 0x00, 0x00, 0x00, 0x00, 0x00, 0x00, 0x00, 0x00, 0x00, 
    0x00, 0x00, 0x00, 0x00, 0x00, 0x00, 0x00, 0x00, 0x00, 0x00, 0x00, 0x00, 
    0x00, 0x00, 0x00, 0x00, 0x00, 0x00, 0x00, 0x00, 0x1F, 0x80, 0x30, 0xC0, 
    0x60, 0x00, 0x30, 0x00, 0x1F, 0x80, 0x30, 0x00, 0x60, 0x00, 0x60, 0x00, 
    0x30, 0xC0, 0x1F, 0x80, 0x00, 0x00, 0x00, 0x00, 0x00, 0x00, 0x00, 0x00, 
    0x00, 0x00, 0x00, 0x00, 0x00, 0x00, 0x00, 0x00, 0x00, 0x00, 0x00, 0x00, 
    0x00, 0x00, 0x00, 0x00, 0x00, 0x00, 0x00, 0x00, 0x00, 0x00, 0x10, 0xC0, 
    0x11, 0xC0, 0x0F, 0x80, 0x0E, 0x00, 0x08, 0x00, 0x10, 0x00, 0x10, 0x00, 
    0x20, 0x00, 0x20, 0x00, 0x20, 0x00, 0x20, 0x00, 0x30, 0x00, 0x3F, 0x80, 
    0x1F, 0xC0, 0x00, 0x40, 0x00, 0x40, 0x00, 0x40, 0x03, 0x80, 0x00, 0x00, 
    0x00, 0x00, 0x00, 0x00, 0x00, 0x00, 0x00, 0x00, 0x00, 0x00, 0x00, 0x00, 
    0x00, 0x00, 0x00, 0x00, 0x00, 0x00, 0x00, 0x00, 0x00, 0x00, 0x00, 0x00, 
    0x00, 0x00, 0x00, 0x00, 0x27, 0x80, 0x79, 0xC0, 0x30, 0xC0, 0x30, 0xC0, 
    0x30, 0xC0, 0x30, 0xC0, 0x30, 0xC0, 0x30, 0xC0, 0x30, 0xC0, 0x30, 0xC0, 
    0x00, 0xC0, 0x00, 0xC0, 0x00, 0xC0, 0x00, 0xC0, 0x00, 0x00, 0x00, 0x00, 
    0x00, 0x00, 0x00, 0x00, 0x00, 0x00, 0x00, 0x00, 0x00, 0x00, 0x00, 0x00, 
    0x00, 0x00, 0x00, 0x00, 0x00, 0x00, 0x0F, 0x00, 0x19, 0x80, 0x11, 0x80, 
    0x30, 0xC0, 0x30, 0xC0, 0x30, 0xC0, 0x3F, 0xC0, 0x30, 0xC0, 0x30, 0xC0, 
    0x30, 0xC0, 0x30, 0xC0, 0x18, 0x80, 0x19, 0x80, 0x0F, 0x00, 0x00, 0x00, 
    0x00, 0x00, 0x00, 0x00, 0x00, 0x00, 0x00, 0x00, 0x00, 0x00, 0x00, 0x00, 
    0x00, 0x00, 0x00, 0x00, 0x00, 0x00, 0x00, 0x00, 0x00, 0x00, 0x00, 0x00, 
    0x00, 0x00, 0x00, 0x00, 0x00, 0x00, 0x00, 0x00, 0x00, 0x00, 0x00, 0x00, 
    0x1E, 0x00, 0x06, 0x00, 0x06, 0x00, 0x06, 0x00, 0x06, 0x00, 0x06, 0x00, 
    0x06, 0x00, 0x06, 0x00, 0x06, 0x80, 0x03, 0x00, 0x00, 0x00, 0x00, 0x00, 
    0x00, 0x00, 0x00, 0x00, 0x00, 0x00, 0x00, 0x00, 0x00, 0x00, 0x00, 0x00, 
    0x00, 0x00, 0x00, 0x00, 0x00, 0x00, 0x00, 0x00, 0x00, 0x00, 0x00, 0x00, 
    0x00, 0x00, 0x00, 0x00, 0x00, 0x00, 0x00, 0x00, 0x00, 0x00, 0x78, 0xC0, 
    0x31, 0xC0, 0x32, 0x00, 0x34, 0x00, 0x38, 0x00, 0x3C, 0x00, 0x36, 0x00, 
    0x33, 0x00, 0x31, 0x80, 0x70, 0xE0, 0x00, 0x00, 0x00, 0x00, 0x00, 0x00, 
    0x00, 0x00, 0x00, 0x00, 0x00, 0x00, 0x00, 0x00, 0x00, 0x00, 0x00, 0x00, 
    0x00, 0x00, 0x00, 0x00, 0x00, 0x00, 0x00, 0x00, 0x00, 0x00, 0x00, 0x00, 
    0x18, 0x00, 0x34, 0x00, 0x24, 0x00, 0x04, 0x00, 0x02, 0x00, 0x06, 0x00, 
    0x06, 0x00, 0x0F, 0x00, 0x0D, 0x00, 0x19, 0x00, 0x18, 0x90, 0x30, 0x90, 
    0x30, 0xF0, 0x60, 0x60, 0x00, 0x00, 0x00, 0x00, 0x00, 0x00, 0x00, 0x00, 
    0x00, 0x00, 0x00, 0x00, 0x00, 0x00, 0x00, 0x00, 0x00, 0x00, 0x00, 0x00, 
    0x00, 0x00, 0x00, 0x00, 0x00, 0x00, 0x00, 0x00, 0x00, 0x00, 0x00, 0x00, 
    0x00, 0x00, 0x00, 0x00, 0x00, 0x00, 0x30, 0xC0, 0x30, 0xC0, 0x30, 0xC0, 
    0x30, 0xC0, 0x30, 0xC0, 0x30, 0xC0, 0x30, 0xC0, 0x30, 0xC0, 0x31, 0xD0, 
    0x3E, 0x60, 0x20, 0x00, 0x20, 0x00, 0x60, 0x00, 0x60, 0x00, 0x00, 0x00, 
    0x00, 0x00, 0x00, 0x00, 0x00, 0x00, 0x00, 0x00, 0x00, 0x00, 0x00, 0x00, 
    0x00, 0x00, 0x00, 0x00, 0x00, 0x00, 0x00, 0x00, 0x00, 0x00, 0x00, 0x00, 
    0x00, 0x00, 0x00, 0x00, 0x30, 0xC0, 0x70, 0xC0, 0x18, 0xC0, 0x18, 0xC0, 
    0x18, 0x80, 0x0C, 0x80, 0x0D, 0x00, 0x0D, 0x00, 0x06, 0x00, 0x06, 0x00, 
    0x00, 0x00, 0x00, 0x00, 0x00, 0x00, 0x00, 0x00, 0x00, 0x00, 0x00, 0x00, 
    0x00, 0x00, 0x00, 0x00, 0x00, 0x00, 0x00, 0x00, 0x00, 0x00, 0x00, 0x00, 
    0x00, 0x00, 0x00, 0x00, 0x00, 0x00, 0x10, 0xC0, 0x11, 0xC0, 0x0F, 0x80, 
    0x08, 0x00, 0x10, 0x00, 0x10, 0x00, 0x0F, 0x80, 0x18, 0x00, 0x30, 0x00, 
    0x20, 0x00, 0x20, 0x00, 0x30, 0x00, 0x3F, 0x80, 0x1F, 0xC0, 0x00, 0x40, 
    0x00, 0x40, 0x00, 0x40, 0x03, 0x80, 0x00, 0x00, 0x00, 0x00, 0x00, 0x00, 
    0x00, 0x00, 0x00, 0x00, 0x00, 0x00, 0x00, 0x00, 0x00, 0x00, 0x00, 0x00, 
    0x00, 0x00, 0x00, 0x00, 0x00, 0x00, 0x00, 0x00, 0x00, 0x00, 0x00, 0x00, 
    0x7F, 0xE0, 0x91, 0x80, 0x11, 0x80, 0x11, 0x80, 0x11, 0x80, 0x31, 0x80, 
    0x31, 0x80, 0x31, 0xA0, 0x61, 0xE0, 0x60, 0xC0, 0x00, 0x00, 0x00, 0x00, 
    0x00, 0x00, 0x00, 0x00, 0x00, 0x00, 0x00, 0x00, 0x00, 0x00, 0x00, 0x00, 
    0x00, 0x00, 0x00, 0x00, 0x00, 0x00, 0x00, 0x00, 0x00, 0x00, 0x00, 0x00, 
    0x00, 0x00, 0x00, 0x00, 0x00, 0x00, 0x00, 0x00, 0x00, 0x00, 0x0F, 0x80, 
    0x10, 0xC0, 0x30, 0x60, 0x30, 0x60, 0x30, 0x60, 0x30, 0x60, 0x30, 0x60, 
    0x30, 0x40, 0x38, 0xC0, 0x37, 0x80, 0x30, 0x00, 0x30, 0x00, 0x30, 0x00, 
    0x30, 0x00, 0x00, 0x00, 0x00, 0x00, 0x00, 0x00, 0x00, 0x00, 0x00, 0x00, 
    0x00, 0x00, 0x00, 0x00, 0x00, 0x00, 0x00, 0x00, 0x00, 0x00, 0x00, 0x00, 
    0x00, 0x00, 0x00, 0x00, 0x00, 0x00, 0x00, 0x00, 0x07, 0xC0, 0x08, 0xC0, 
    0x10, 0x00, 0x20, 0x00, 0x20, 0x00, 0x20, 0x00, 0x20, 0x00, 0x30, 0x00, 
    0x1F, 0x80, 0x0F, 0xC0, 0x00, 0x40, 0x00, 0x40, 0x00, 0x40, 0x07, 0x80, 
    0x00, 0x00, 0x00, 0x00, 0x00, 0x00, 0x00, 0x00, 0x00, 0x00, 0x00, 0x00, 
    0x00, 0x00, 0x00, 0x00, 0x00, 0x00, 0x00, 0x00, 0x00, 0x00, 0x00, 0x00, 
    0x00, 0x00, 0x00, 0x00, 0x00, 0x00, 0x1F, 0xE0, 0x30, 0x00, 0x27, 0x00, 
    0x61, 0x80, 0x60, 0xC0, 0x60, 0xC0, 0x60, 0xC0, 0x70, 0x80, 0x31, 0x80, 
    0x1F, 0x00, 0x00, 0x00, 0x00, 0x00, 0x00, 0x00, 0x00, 0x00, 0x00, 0x00, 
    0x00, 0x00, 0x00, 0x00, 0x00, 0x00, 0x00, 0x00, 0x00, 0x00, 0x00, 0x00, 
    0x00, 0x00, 0x00, 0x00, 0x00, 0x00, 0x00, 0x00, 0x00, 0x00, 0x00, 0x00, 
    0x00, 0x00, 0x00, 0x00, 0x3F, 0xC0, 0x46, 0x00, 0x06, 0x00, 0x06, 0x00, 
    0x0C, 0x00, 0x0C, 0x00, 0x0C, 0x00, 0x0C, 0x80, 0x0F, 0x80, 0x07, 0x00, 
    0x00, 0x00, 0x00, 0x00, 0x00, 0x00, 0x00, 0x00, 0x00, 0x00, 0x00, 0x00, 
    0x00, 0x00, 0x00, 0x00, 0x00, 0x00, 0x00, 0x00, 0x00, 0x00, 0x00, 0x00, 
    0x00, 0x00, 0x00, 0x00, 0x00, 0x00, 0x00, 0x00, 0x00, 0x00, 0x00, 0x00, 
    0x00, 0x00, 0x71, 0x80, 0x30, 0xC0, 0x30, 0x60, 0x30, 0x60, 0x30, 0x60, 
    0x30, 0x60, 0x30, 0x60, 0x30, 0xC0, 0x39, 0x80, 0x1F, 0x00, 0x00, 0x00, 
    0x00, 0x00, 0x00, 0x00, 0x00, 0x00, 0x00, 0x00, 0x00, 0x00, 0x00, 0x00, 
    0x00, 0x00, 0x00, 0x00, 0x00, 0x00, 0x00, 0x00, 0x00, 0x00, 0x00, 0x00, 
    0x00, 0x00, 0x00, 0x00, 0x00, 0x00, 0x00, 0x00, 0x00, 0x00, 0x00, 0x00, 
    0x19, 0x80, 0x32, 0xC0, 0x62, 0x60, 0x62, 0x60, 0x62, 0x60, 0x62, 0x60, 
    0x62, 0x60, 0x22, 0x60, 0x32, 0xC0, 0x1F, 0x80, 0x02, 0x00, 0x02, 0x00, 
    0x06, 0x00, 0x06, 0x00, 0x00, 0x00, 0x00, 0x00, 0x00, 0x00, 0x00, 0x00, 
    0x00, 0x00, 0x00, 0x00, 0x00, 0x00, 0x00, 0x00, 0x00, 0x00, 0x00, 0x00, 
    0x00, 0x00, 0x00, 0x00, 0x00, 0x00, 0x00, 0x00, 0x00, 0x00, 0x30, 0xC0, 
    0x79, 0x80, 0x49, 0x80, 0x4B, 0x00, 0x0B, 0x00, 0x06, 0x00, 0x06, 0x00, 
    0x0C, 0x00, 0x0C, 0x00, 0x1A, 0x00, 0x1A, 0x40, 0x32, 0x40, 0x33, 0xC0, 
    0x61, 0x80, 0x00, 0x00, 0x00, 0x00, 0x00, 0x00, 0x00, 0x00, 0x00, 0x00, 
    0x00, 0x00, 0x00, 0x00, 0x00, 0x00, 0x00, 0x00, 0x00, 0x00, 0x00, 0x00, 
    0x00, 0x00, 0x00, 0x00, 0x00, 0x00, 0x00, 0x00, 0xC4, 0x60, 0x64, 0xC0, 
    0x64, 0xC0, 0x64, 0xC0, 0x64, 0xC0, 0x64, 0xC0, 0x24, 0x80, 0x24, 0x80, 
    0x15, 0x00, 0x0E, 0x00, 0x04, 0x00, 0x04, 0x00, 0x04, 0x00, 0x04, 0x00, 
    0x00, 0x00, 0x00, 0x00, 0x00, 0x00, 0x00, 0x00, 0x00, 0x00, 0x00, 0x00, 
    0x00, 0x00, 0x00, 0x00, 0x00, 0x00, 0x00, 0x00, 0x00, 0x00, 0x00, 0x00, 
    0x00, 0x00, 0x00, 0x00, 0x00, 0x00, 0x31, 0x80, 0x60, 0xC0, 0xC4, 0x60, 
    0xC4, 0x60, 0xC4, 0x60, 0xC4, 0x60, 0xC4, 0x60, 0xC4, 0x60, 0x64, 0xC0, 
    0x3B, 0x80, 0x00, 0x00, 0x00, 0x00, 0x00, 0x00, 0x00, 0x00, 0x00, 0x00, 
    0x00, 0x00, 0x00, 0x00, 0x00, 0x00, 0x00, 0x00, 0x00, 0x00, 0x00, 0x00, 
    0x00, 0x00, 0x00, 0x00, 0x00, 0x00, 0x00, 0x00, 0x19, 0x80, 0x19, 0x80, 
    0x00, 0x00, 0x00, 0x00, 0x1E, 0x00, 0x06, 0x00, 0x06, 0x00, 0x06, 0x00, 
    0x06, 0x00, 0x06, 0x00, 0x06, 0x00, 0x06, 0x00, 0x06, 0x80, 0x03, 0x00, 
    0x00, 0x00, 0x00, 0x00, 0x00, 0x00, 0x00, 0x00, 0x00, 0x00, 0x00, 0x00, 
    0x00, 0x00, 0x00, 0x00, 0x00, 0x00, 0x00, 0x00, 0x00, 0x00, 0x00, 0x00, 
    0x00, 0x00, 0x00, 0x00, 0x00, 0x00, 0x33, 0x00, 0x33, 0x00, 0x00, 0x00, 
    0x00, 0x00, 0x71, 0x80, 0x30, 0xC0, 0x30, 0x60, 0x30, 0x60, 0x30, 0x60, 
    0x30, 0x60, 0x30, 0x60, 0x30, 0xC0, 0x39, 0x80, 0x1F, 0x00, 0x00, 0x00, 
    0x00, 0x00, 0x00, 0x00, 0x00, 0x00, 0x00, 0x00, 0x00, 0x00, 0x00, 0x00, 
    0x00, 0x00, 0x00, 0x00, 0x00, 0x00, 0x00, 0x00, 0x00, 0x00, 0x00, 0x00, 
    0x00, 0x00, 0x00, 0x00, 0x00, 0x00, 0x00, 0x00, 0x3F, 0xC0, 0x3F, 0xC0, 
    0x3F, 0xC0, 0x3F, 0xC0, 0x3F, 0xC0, 0x3F, 0xC0, 0x3F, 0xC0, 0x3F, 0xC0, 
    0x3F, 0xC0, 0x3F, 0xC0, 0x3F, 0xC0, 0x3F, 0xC0, 0x00, 0x00, 0x00, 0x00, 
    0x00, 0x00, 0x00, 0x00, 0x00, 0x00, 0x00, 0x00, 0x00, 0x00, 0x00, 0x00, 
    0x00, 0x00, 0x00, 0x00, 0x00, 0x00, 0x00, 0x00, 0x00, 0x00, 0x03, 0x00, 
    0x06, 0x00, 0x0C, 0x00, 0x18, 0x00, 0x00, 0x00, 0x00, 0x00, 0x71, 0x80, 
    0x30, 0xC0, 0x30, 0x60, 0x30, 0x60, 0x30, 0x60, 0x30, 0x60, 0x30, 0x60, 
    0x30, 0xC0, 0x39, 0x80, 0x1F, 0x00, 0x00, 0x00, 0x00, 0x00, 0x00, 0x00, 
    0x00, 0x00, 0x00, 0x00, 0x00, 0x00, 0x00, 0x00, 0x00, 0x00, 0x00, 0x00, 
    0x00, 0x00, 0x00, 0x00, 0x00, 0x00, 0x00, 0x00, 0x01, 0x80, 0x03, 0x00, 
    0x06, 0x00, 0x0C, 0x00, 0x00, 0x00, 0x00, 0x00, 0x31, 0x80, 0x60, 0xC0, 
    0xC4, 0x60, 0xC4, 0x60, 0xC4, 0x60, 0xC4, 0x60, 0xC4, 0x60, 0xC4, 0x60, 
    0x64, 0xC0, 0x3B, 0x80, 0x00, 0x00, 0x00, 0x00, 0x00, 0x00, 0x00, 0x00, 
    0x00, 0x00, 0x00, 0x00, 0x00, 0x00, 0x00, 0x00, 0x00, 0x00, 0x00, 0x00, 
    0x00, 0x00, 0x00, 0x00, 0x00, 0x00, 0x00, 0x00, 0x00, 0x00, 0x00, 0x00, 
    0x00, 0x00, 0x3F, 0xC0, 0x3F, 0xC0, 0x3F, 0xC0, 0x3F, 0xC0, 0x3F, 0xC0, 
    0x3F, 0xC0, 0x3F, 0xC0, 0x3F, 0xC0, 0x3F, 0xC0, 0x3F, 0xC0, 0x3F, 0xC0, 
    0x3F, 0xC0, 0x00, 0x00, 0x00, 0x00, 0x00, 0x00, 0x00, 0x00, 0x00, 0x00, 
    0x00, 0x00, 0x00, 0x00, 0x00, 0x00, 0x00, 0x00, 0x00, 0x00, 0x00, 0x00, 
    0x00, 0x00, 0x00, 0x00, 0x00, 0x00, 0x00, 0x00, 0x00, 0x00, 0x00, 0x00, 
    0x3F, 0xC0, 0x3F, 0xC0, 0x3F, 0xC0, 0x3F, 0xC0, 0x3F, 0xC0, 0x3F, 0xC0, 
    0x3F, 0xC0, 0x3F, 0xC0, 0x3F, 0xC0, 0x3F, 0xC0, 0x3F, 0xC0, 0x3F, 0xC0, 
    0x00, 0x00, 0x00, 0x00, 0x00, 0x00, 0x00, 0x00, 0x00, 0x00, 0x00, 0x00, 
    0x00, 0x00, 0x00, 0x00, 0x00, 0x00, 0x00, 0x00, 0x00, 0x00, 0x00, 0x00, 
    0x00, 0x00, 0x00, 0x00, 0x00, 0x00, 0xFF, 0xC0, 0x8C, 0x40, 0x0C, 0x00, 
    0x0C, 0x00, 0x0D, 0xE0, 0x0E, 0x70, 0x0C, 0x30, 0x0C, 0x30, 0x0C, 0x30, 
    0x0C, 0x30, 0x0C, 0x30, 0x0C, 0x30, 0x0C, 0x30, 0x1E, 0x30, 0x00, 0x60, 
    0x00, 0x60, 0x04, 0xC0, 0x07, 0x80, 0x00, 0x00, 0x00, 0x00, 0x00, 0x00, 
    0x00, 0x00, 0x00, 0x00, 0x01, 0x80, 0x03, 0x00, 0x06, 0x00, 0x0C, 0x00, 
    0x00, 0x00, 0x00, 0x00, 0x7F, 0xE0, 0x30, 0x60, 0x30, 0x20, 0x30, 0x00, 
    0x30, 0x00, 0x30, 0x00, 0x30, 0x00, 0x30, 0x00, 0x30, 0x00, 0x30, 0x00, 
    0x30, 0x00, 0x30, 0x00, 0x30, 0x00, 0x78, 0x00, 0x00, 0x00, 0x00, 0x00, 
    0x00, 0x00, 0x00, 0x00, 0x00, 0x00, 0x00, 0x00, 0x00, 0x00, 0x00, 0x00, 
    0x00, 0x00, 0x00, 0x00, 0x00, 0x00, 0x00, 0x00, 0x00, 0x00, 0x00, 0x00, 
    0x00, 0x00, 0x07, 0xC0, 0x08, 0x60, 0x10, 0x20, 0x30, 0x00, 0x60, 0x00, 
    0x60, 0x00, 0x7F, 0xC0, 0x60, 0x00, 0x60, 0x00, 0x60, 0x00, 0x30, 0x00, 
    0x38, 0x20, 0x1C, 0x60, 0x07, 0x80, 0x00, 0x00, 0x00, 0x00, 0x00, 0x00, 
    0x00, 0x00, 0x00, 0x00, 0x00, 0x00, 0x00, 0x00, 0x00, 0x00, 0x00, 0x00, 
    0x00, 0x00, 0x00, 0x00, 0x00, 0x00, 0x00, 0x00, 0x00, 0x00, 0x00, 0x00, 
    0x3F, 0x80, 0x13, 0x00, 0x13, 0x00, 0x13, 0x00, 0x13, 0x00, 0x13, 0x00, 
    0x13, 0xE0, 0x13, 0x30, 0x13, 0x10, 0x13, 0x10, 0x13, 0x10, 0x13, 0x10, 
    0xB3, 0x30, 0x61, 0xE0, 0x00, 0x00, 0x00, 0x00, 0x00, 0x00, 0x00, 0x00, 
    0x00, 0x00, 0x00, 0x00, 0x00, 0x00, 0x00, 0x00, 0x00, 0x00, 0x00, 0x00, 
    0x00, 0x00, 0x00, 0x00, 0x00, 0x00, 0x00, 0x00, 0x00, 0x00, 0xF7, 0x80, 
    0x63, 0x00, 0x63, 0x00, 0x63, 0x00, 0x63, 0x00, 0x63, 0x00, 0x7F, 0xE0, 
    0x63, 0x30, 0x63, 0x10, 0x63, 0x10, 0x63, 0x10, 0x63, 0x10, 0x63, 0x30, 
    0xF1, 0xE0, 0x00, 0x00, 0x00, 0x00, 0x00, 0x00, 0x00, 0x00, 0x00, 0x00, 
    0x00, 0x00, 0x00, 0x00, 0x00, 0x00, 0x00, 0x00, 0x00, 0x00, 0x00, 0x00, 
    0x00, 0x00, 0x00, 0x00, 0x00, 0x00, 0x00, 0x00, 0xFF, 0x00, 0x99, 0x00, 
    0x18, 0x00, 0x18, 0x00, 0x1B, 0xC0, 0x1C, 0xE0, 0x18, 0x60, 0x18, 0x60, 
    0x18, 0x60, 0x18, 0x60, 0x18, 0x60, 0x18, 0x60, 0x18, 0x60, 0x3C, 0xF0, 
    0x00, 0x00, 0x00, 0x00, 0x00, 0x00, 0x00, 0x00, 0x00, 0x00, 0x00, 0x00, 
    0x00, 0x00, 0x00, 0x00, 0x00, 0x00, 0x01, 0x80, 0x03, 0x00, 0x06, 0x00, 
    0x0C, 0x00, 0x00, 0x00, 0x00, 0x00, 0xF0, 0xE0, 0x61, 0x80, 0x63, 0x00, 
    0x66, 0x00, 0x6C, 0x00, 0x78, 0x00, 0x78, 0x00, 0x7C, 0x00, 0x6E, 0x00, 
    0x67, 0x00, 0x63, 0x80, 0x61, 0xC0, 0x60, 0xE0, 0xF0, 0x70, 0x00, 0x00, 
    0x00, 0x00, 0x00, 0x00, 0x00, 0x00, 0x00, 0x00, 0x00, 0x00, 0x00, 0x00, 
    0x00, 0x00, 0x00, 0x00, 0x18, 0x00, 0x0C, 0x00, 0x06, 0x00, 0x03, 0x00, 
    0x00, 0x00, 0x00, 0x00, 0xF1, 0xE0, 0x60, 0xC0, 0x61, 0xC0, 0x63, 0xC0, 
    0x62, 0xC0, 0x66, 0xC0, 0x64, 0xC0, 0x6C, 0xC0, 0x68, 0xC0, 0x78, 0xC0, 
    0x70, 0xC0, 0x60, 0xC0, 0x60, 0xC0, 0xF1, 0xE0, 0x00, 0x00, 0x00, 0x00, 
    0x00, 0x00, 0x00, 0x00, 0x00, 0x00, 0x00, 0x00, 0x00, 0x00, 0x00, 0x00, 
    0x00, 0x00, 0x00, 0x00, 0x00, 0x00, 0x19, 0x80, 0x0F, 0x00, 0x00, 0x00, 
    0x00, 0x00, 0xF0, 0xF0, 0x60, 0x60, 0x30, 0x40, 0x30, 0xC0, 0x18, 0x80, 
    0x19, 0x80, 0x0D, 0x00, 0x0F, 0x00, 0x06, 0x00, 0x06, 0x00, 0x04, 0x00, 
    0x0C, 0x00, 0x38, 0x00, 0x30, 0x00, 0x00, 0x00, 0x00, 0x00, 0x00, 0x00, 
    0x00, 0x00, 0x00, 0x00, 0x00, 0x00, 0x00, 0x00, 0x00, 0x00, 0x00, 0x00, 
    0x00, 0x00, 0x00, 0x00, 0x00, 0x00, 0x00, 0x00, 0x00, 0x00, 0x00, 0x00, 
    0xF0, 0xF0, 0x60, 0x60, 0x60, 0x60, 0x60, 0x60, 0x60, 0x60, 0x60, 0x60, 
    0x60, 0x60, 0x60, 0x60, 0x60, 0x60, 0x60, 0x60, 0x60, 0x60, 0x60, 0x60, 
    0x60, 0x60, 0xFF, 0xF0, 0x06, 0x00, 0x06, 0x00, 0x00, 0x00, 0x00, 0x00, 
    0x00, 0x00, 0x00, 0x00, 0x00, 0x00, 0x00, 0x00, 0x00, 0x00, 0x00, 0x00, 
    0x00, 0x00, 0x00, 0x00, 0x00, 0x00, 0x00, 0x00, 0x00, 0x00, 0x7F, 0xE0, 
    0x30, 0x60, 0x30, 0x20, 0x30, 0x00, 0x30, 0x00, 0x30, 0x00, 0x3F, 0x80, 
    0x30, 0xC0, 0x30, 0x60, 0x30, 0x60, 0x30, 0x60, 0x30, 0x60, 0x30, 0xC0, 
    0x7F, 0x80, 0x00, 0x00, 0x00, 0x00, 0x00, 0x00, 0x00, 0x00, 0x00, 0x00, 
    0x00, 0x00, 0x00, 0x00, 0x00, 0x00, 0x00, 0x00, 0x00, 0x00, 0x00, 0x00, 
    0x00, 0x00, 0x00, 0x00, 0x00, 0x00, 0x00, 0x00, 0x7F, 0xE0, 0x20, 0xC0, 
    0x20, 0xC0, 0x20, 0xC0, 0x20, 0xC0, 0x20, 0xC0, 0x20, 0xC0, 0x20, 0xC0, 
    0x20, 0xC0, 0x20, 0xC0, 0x20, 0xC0, 0x20, 0xC0, 0x60, 0xC0, 0xFF, 0xE0, 
    0x80, 0x20, 0x80, 0x20, 0x00, 0x00, 0x00, 0x00, 0x00, 0x00, 0x00, 0x00, 
    0x00, 0x00, 0x00, 0x00, 0x00, 0x00, 0x00, 0x00, 0x00, 0x00, 0x00, 0x00, 
    0x00, 0x00, 0x00, 0x00, 0x00, 0x00, 0xEF, 0x70, 0x46, 0x20, 0x66, 0x60, 
    0x26, 0x40, 0x36, 0xC0, 0x16, 0x80, 0x1F, 0x80, 0x1F, 0x80, 0x1F, 0x80, 
    0x36, 0xC0, 0x36, 0xC0, 0x66, 0x60, 0x66, 0x60, 0xEF, 0x70, 0x00, 0x00, 
    0x00, 0x00, 0x00, 0x00, 0x00, 0x00, 0x00, 0x00, 0x00, 0x00, 0x00, 0x00, 
    0x00, 0x00, 0x00, 0x00, 0x00, 0x00, 0x00, 0x00, 0x00, 0x00, 0x00, 0x00, 
    0x00, 0x00, 0x00, 0x00, 0x00, 0x00, 0x0F, 0x80, 0x19, 0xC0, 0x20, 0xE0, 
    0x40, 0x60, 0x00, 0xC0, 0x03, 0x80, 0x0F, 0xC0, 0x00, 0xE0, 0x00, 0x60, 
    0x40, 0x60, 0x60, 0x40, 0x39, 0x80, 0x1F, 0x00, 0x00, 0x00, 0x00, 0x00, 
    0x00, 0x00, 0x00, 0x00, 0x00, 0x00, 0x00, 0x00, 0x00, 0x00, 0x00, 0x00, 
    0x00, 0x00, 0x00, 0x00, 0x00, 0x00, 0x00, 0x00, 0x00, 0x00, 0x00, 0x00, 
    0x00, 0x00, 0xF1, 0xE0, 0x60, 0xC0, 0x61, 0xC0, 0x63, 0xC0, 0x62, 0xC0, 
    0x66, 0xC0, 0x64, 0xC0, 0x6C, 0xC0, 0x68, 0xC0, 0x78, 0xC0, 0x70, 0xC0, 
    0x60, 0xC0, 0x60, 0xC0, 0xF1, 0xE0, 0x00, 0x00, 0x00, 0x00, 0x00, 0x00, 
    0x00, 0x00, 0x00, 0x00, 0x00, 0x00, 0x00, 0x00, 0x00, 0x00, 0x00, 0x00, 
    0x00, 0x00, 0x00, 0x00, 0x19, 0x80, 0x0F, 0x00, 0x00, 0x00, 0x00, 0x00, 
    0xF1, 0xE0, 0x60, 0xC0, 0x61, 0xC0, 0x63, 0xC0, 0x62, 0xC0, 0x66, 0xC0, 
    0x64, 0xC0, 0x6C, 0xC0, 0x68, 0xC0, 0x78, 0xC0, 0x70, 0xC0, 0x60, 0xC0, 
    0x60, 0xC0, 0xF1, 0xE0, 0x00, 0x00, 0x00, 0x00, 0x00, 0x00, 0x00, 0x00, 
    0x00, 0x00, 0x00, 0x00, 0x00, 0x00, 0x00, 0x00, 0x00, 0x00, 0x00, 0x00, 
    0x00, 0x00, 0x00, 0x00, 0x00, 0x00, 0x00, 0x00, 0x00, 0x00, 0x3F, 0xF0, 
    0x10, 0x60, 0x10, 0x60, 0x10, 0x60, 0x10, 0x60, 0x10, 0x60, 0x10, 0x60, 
    0x10, 0x60, 0x10, 0x60, 0x10, 0x60, 0x10, 0x60, 0x10, 0x60, 0xB0, 0x60, 
    0x60, 0xF0, 0x00, 0x00, 0x00, 0x00, 0x00, 0x00, 0x00, 0x00, 0x00, 0x00, 
    0x00, 0x00, 0x00, 0x00, 0x00, 0x00, 0x00, 0x00, 0x00, 0x00, 0x00, 0x00, 
    0x00, 0x00, 0x00, 0x00, 0x00, 0x00, 0x00, 0x00, 0x00, 0x00, 0x00, 0x00, 
    0x3F, 0xC0, 0x3F, 0xC0, 0x3F, 0xC0, 0x3F, 0xC0, 0x3F, 0xC0, 0x3F, 0xC0, 
    0x3F, 0xC0, 0x3F, 0xC0, 0x3F, 0xC0, 0x3F, 0xC0, 0x3F, 0xC0, 0x3F, 0xC0, 
    0x00, 0x00, 0x00, 0x00, 0x00, 0x00, 0x00, 0x00, 0x00, 0x00, 0x00, 0x00, 
    0x00, 0x00, 0x00, 0x00, 0x00, 0x00, 0x00, 0x00, 0x00, 0x00, 0x00, 0x00, 
    0x00, 0x00, 0x00, 0x00, 0x00, 0x00, 0xF0, 0xF0, 0x60, 0x60, 0x30, 0x40, 
    0x30, 0xC0, 0x18, 0x80, 0x19, 0x80, 0x0D, 0x00, 0x0F, 0x00, 0x06, 0x00, 
    0x06, 0x00, 0x04, 0x00, 0x0C, 0x00, 0x38, 0x00, 0x30, 0x00, 0x00, 0x00, 
    0x00, 0x00, 0x00, 0x00, 0x00, 0x00, 0x00, 0x00, 0x00, 0x00, 0x00, 0x00, 
    0x00, 0x00, 0x00, 0x00, 0x00, 0x00, 0x00, 0x00, 0x00, 0x00, 0x00, 0x00, 
    0x00, 0x00, 0x00, 0x00, 0x00, 0x00, 0x00, 0x00, 0x3F, 0xC0, 0x3F, 0xC0, 
    0x3F, 0xC0, 0x3F, 0xC0, 0x3F, 0xC0, 0x3F, 0xC0, 0x3F, 0xC0, 0x3F, 0xC0, 
    0x3F, 0xC0, 0x3F, 0xC0, 0x3F, 0xC0, 0x3F, 0xC0, 0x00, 0x00, 0x00, 0x00, 
    0x00, 0x00, 0x00, 0x00, 0x00, 0x00, 0x00, 0x00, 0x00, 0x00, 0x00, 0x00, 
    0x00, 0x00, 0x00, 0x00, 0x00, 0x00, 0x00, 0x00, 0x00, 0x00, 0x00, 0x00, 
    0x00, 0x00, 0xF1, 0xE0, 0x60, 0xC0, 0x60, 0xC0, 0x60, 0xC0, 0x60, 0xC0, 
    0x60, 0xC0, 0x60, 0xC0, 0x60, 0xC0, 0x60, 0xC0, 0x60, 0xC0, 0x60, 0xC0, 
    0x60, 0xC0, 0x60, 0xC0, 0xFF, 0xE0, 0x00, 0x60, 0x00, 0x60, 0x00, 0x00, 
    0x00, 0x00, 0x00, 0x00, 0x00, 0x00, 0x00, 0x00, 0x00, 0x00, 0x00, 0x00, 
    0x00, 0x00, 0x00, 0x00, 0x00, 0x00, 0x00, 0x00, 0x00, 0x00, 0x00, 0x00, 
    0xF1, 0xE0, 0x60, 0xC0, 0x60, 0xC0, 0x60, 0xC0, 0x60, 0xC0, 0x60, 0xC0, 
    0x70, 0xC0, 0x3F, 0xC0, 0x00, 0xC0, 0x00, 0xC0, 0x00, 0xC0, 0x00, 0xC0, 
    0x00, 0xC0, 0x01, 0xE0, 0x00, 0x00, 0x00, 0x00, 0x00, 0x00, 0x00, 0x00, 
    0x00, 0x00, 0x00, 0x00, 0x00, 0x00, 0x00, 0x00, 0x00, 0x00, 0x00, 0x00, 
    0x00, 0x00, 0x00, 0x00, 0x00, 0x00, 0x00, 0x00, 0x00, 0x00, 0xF6, 0xF0, 
    0x66, 0x60, 0x66, 0x60, 0x66, 0x60, 0x66, 0x60, 0x66, 0x60, 0x66, 0x60, 
    0x66, 0x60, 0x66, 0x60, 0x66, 0x60, 0x66, 0x60, 0x66, 0x60, 0x66, 0x60, 
    0x7F, 0xE0, 0x00, 0x00, 0x00, 0x00, 0x00, 0x00, 0x00, 0x00, 0x00, 0x00, 
    0x00, 0x00, 0x00, 0x00, 0x00, 0x00, 0x00, 0x00, 0x00, 0x00, 0x00, 0x00, 
    0x00, 0x00, 0x00, 0x00, 0x00, 0x00, 0x00, 0x00, 0xF6, 0xF0, 0x66, 0x60, 
    0x66, 0x60, 0x66, 0x60, 0x66, 0x60, 0x66, 0x60, 0x66, 0x60, 0x66, 0x60, 
    0x66, 0x60, 0x66, 0x60, 0x66, 0x60, 0x66, 0x60, 0x66, 0x60, 0x7F, 0xF0, 
    0x00, 0x30, 0x00, 0x30, 0x00, 0x00, 0x00, 0x00, 0x00, 0x00, 0x00, 0x00, 
    0x00, 0x00, 0x00, 0x00, 0x00, 0x00, 0x00, 0x00, 0x00, 0x00, 0x00, 0x00, 
    0x00, 0x00, 0x00, 0x00, 0x00, 0x00, 0xFE, 0x00, 0x8C, 0x00, 0x0C, 0x00, 
    0x0C, 0x00, 0x0C, 0x00, 0x0C, 0x00, 0x0D, 0xC0, 0x0E, 0x60, 0x0C, 0x60, 
    0x0C, 0x60, 0x0C, 0x60, 0x0C, 0x60, 0x0C, 0x60, 0x1F, 0xC0, 0x00, 0x00, 
    0x00, 0x00, 0x00, 0x00, 0x00, 0x00, 0x00, 0x00, 0x00, 0x00, 0x00, 0x00, 
    0x00, 0x00, 0x00, 0x00, 0x00, 0x00, 0x00, 0x00, 0x00, 0x00, 0x00, 0x00, 
    0x00, 0x00, 0x00, 0x00, 0xF0, 0xF0, 0x60, 0x60, 0x60, 0x60, 0x60, 0x60, 
    0x60, 0x60, 0x60, 0x60, 0x6E, 0x60, 0x73, 0x60, 0x63, 0x60, 0x63, 0x60, 
    0x63, 0x60, 0x63, 0x60, 0x63, 0x60, 0xFE, 0xF0, 0x00, 0x00, 0x00, 0x00, 
    0x00, 0x00, 0x00, 0x00, 0x00, 0x00, 0x00, 0x00, 0x00, 0x00, 0x00, 0x00, 
    0x00, 0x00, 0x00, 0x00, 0x00, 0x00, 0x00, 0x00, 0x00, 0x00, 0x00, 0x00, 
    0x00, 0x00, 0x3C, 0x00, 0x18, 0x00, 0x18, 0x00, 0x18, 0x00, 0x18, 0x00, 
    0x18, 0x00, 0x1B, 0x80, 0x1C, 0xC0, 0x18, 0xC0, 0x18, 0xC0, 0x18, 0xC0, 
    0x18, 0xC0, 0x18, 0xC0, 0x3F, 0x80, 0x00, 0x00, 0x00, 0x00, 0x00, 0x00, 
    0x00, 0x00, 0x00, 0x00, 0x00, 0x00, 0x00, 0x00, 0x00, 0x00, 0x00, 0x00, 
    0x00, 0x00, 0x00, 0x00, 0x00, 0x00, 0x00, 0x00, 0x00, 0x00, 0x00, 0x00, 
    0x3E, 0x00, 0x61, 0x00, 0x40, 0x80, 0x00, 0xC0, 0x00, 0x60, 0x00, 0x60, 
    0x3F, 0xE0, 0x00, 0x60, 0x00, 0x60, 0x00, 0x60, 0x00, 0xC0, 0x41, 0xC0, 
    0x63, 0x80, 0x1E, 0x00, 0x00, 0x00, 0x00, 0x00, 0x00, 0x00, 0x00, 0x00, 
    0x00, 0x00, 0x00, 0x00, 0x00, 0x00, 0x00, 0x00, 0x00, 0x00, 0x00, 0x00, 
    0x00, 0x00, 0x00, 0x00, 0x00, 0x00, 0x00, 0x00, 0x00, 0x00, 0xF1, 0xC0, 
    0x63, 0x60, 0x62, 0x20, 0x66, 0x30, 0x66, 0x30, 0x66, 0x30, 0x7E, 0x30, 
    0x66, 0x30, 0x66, 0x30, 0x66, 0x30, 0x66, 0x30, 0x62, 0x20, 0x63, 0x60, 
    0xF1, 0xC0, 0x00, 0x00, 0x00, 0x00, 0x00, 0x00, 0x00, 0x00, 0x00, 0x00, 
    0x00, 0x00, 0x00, 0x00, 0x00, 0x00, 0x00, 0x00, 0x00, 0x00, 0x00, 0x00, 
    0x00, 0x00, 0x00, 0x00, 0x00, 0x00, 0x00, 0x00, 0x0F, 0xF0, 0x18, 0x60, 
    0x30, 0x60, 0x30, 0x60, 0x30, 0x60, 0x10, 0x60, 0x0F, 0xE0, 0x03, 0xE0, 
    0x07, 0x60, 0x0E, 0x60, 0x1C, 0x60, 0x38, 0x60, 0x70, 0x60, 0xE0, 0xF0, 
    0x00, 0x00, 0x00, 0x00, 0x00, 0x00, 0x00, 0x00, 0x00, 0x00, 0x00, 0x00, 
    0x00, 0x00, 0x00, 0x00, 0x00, 0x00, 0x00, 0x00, 0x00, 0x00, 0x00, 0x00, 
    0x00, 0x00, 0x00, 0x00, 0x00, 0x00, 0x00, 0x00, 0x07, 0x80, 0x1E, 0x00, 
    0x30, 0x00, 0x67, 0x80, 0x49, 0xC0, 0x70, 0xE0, 0x60, 0x60, 0x60, 0x60, 
    0x60, 0x60, 0x60, 0x60, 0x70, 0x40, 0x38, 0x80, 0x1F, 0x00, 0x00, 0x00, 
    0x00, 0x00, 0x00, 0x00, 0x00, 0x00, 0x00, 0x00, 0x00, 0x00, 0x00, 0x00, 
    0x00, 0x00, 0x00, 0x00, 0x00, 0x00, 0x00, 0x00, 0x00, 0x00, 0x00, 0x00, 
    0x00, 0x00, 0x00, 0x00, 0x00, 0x00, 0x00, 0x00, 0x00, 0x00, 0x00, 0x00, 
    0x7F, 0x80, 0x30, 0xC0, 0x30, 0xC0, 0x30, 0xC0, 0x3F, 0x80, 0x30, 0xC0, 
    0x30, 0xC0, 0x30, 0xC0, 0x30, 0xC0, 0x7F, 0x80, 0x00, 0x00, 0x00, 0x00, 
    0x00, 0x00, 0x00, 0x00, 0x00, 0x00, 0x00, 0x00, 0x00, 0x00, 0x00, 0x00, 
    0x00, 0x00, 0x00, 0x00, 0x00, 0x00, 0x00, 0x00, 0x00, 0x00, 0x00, 0x00, 
    0x00, 0x00, 0x00, 0x00, 0x00, 0x00, 0x00, 0x00, 0x00, 0x00, 0x7F, 0xC0, 
    0x30, 0xC0, 0x30, 0x40, 0x30, 0x00, 0x30, 0x00, 0x30, 0x00, 0x30, 0x00, 
    0x30, 0x00, 0x30, 0x00, 0x78, 0x00, 0x00, 0x00, 0x00, 0x00, 0x00, 0x00, 
    0x00, 0x00, 0x00, 0x00, 0x00, 0x00, 0x00, 0x00, 0x00, 0x00, 0x00, 0x00, 
    0x00, 0x00, 0x00, 0x00, 0x00, 0x00, 0x00, 0x00, 0x00, 0x00, 0x00, 0x00, 
    0x00, 0x00, 0x00, 0x00, 0x00, 0x00, 0x00, 0x00, 0x7F, 0xE0, 0x20, 0xC0, 
    0x20, 0xC0, 0x20, 0xC0, 0x20, 0xC0, 0x20, 0xC0, 0x20, 0xC0, 0x20, 0xC0, 
    0x60, 0xC0, 0xFF, 0xE0, 0x80, 0x20, 0x80, 0x20, 0x00, 0x00, 0x00, 0x00, 
    0x00, 0x00, 0x00, 0x00, 0x00, 0x00, 0x00, 0x00, 0x00, 0x00, 0x00, 0x00, 
    0x00, 0x00, 0x00, 0x00, 0x00, 0x00, 0x00, 0x00, 0x00, 0x00, 0x00, 0x00, 
    0x00, 0x00, 0x00, 0x00, 0x00, 0x00, 0x66, 0x60, 0x26, 0x40, 0x16, 0x80, 
    0x0F, 0x00, 0x06, 0x00, 0x06, 0x00, 0x0F, 0x00, 0x16, 0x80, 0x26, 0xC0, 
    0x66, 0x60, 0x00, 0x00, 0x00, 0x00, 0x00, 0x00, 0x00, 0x00, 0x00, 0x00, 
    0x00, 0x00, 0x00, 0x00, 0x00, 0x00, 0x00, 0x00, 0x00, 0x00, 0x00, 0x00, 
    0x00, 0x00, 0x00, 0x00, 0x00, 0x00, 0x00, 0x00, 0x00, 0x00, 0x00, 0x00, 
    0x00, 0x00, 0x00, 0x00, 0x3F, 0x80, 0x60, 0xC0, 0x40, 0x60, 0x01, 0xC0, 
    0x1F, 0x80, 0x00, 0xC0, 0x00, 0x60, 0x40, 0x60, 0x31, 0xC0, 0x1F, 0x80, 
    0x00, 0x00, 0x00, 0x00, 0x00, 0x00, 0x00, 0x00, 0x00, 0x00, 0x00, 0x00, 
    0x00, 0x00, 0x00, 0x00, 0x00, 0x00, 0x00, 0x00, 0x00, 0x00, 0x00, 0x00, 
    0x00, 0x00, 0x00, 0x00, 0x00, 0x00, 0x00, 0x00, 0x00, 0x00, 0x00, 0x00, 
    0x00, 0x00, 0x78, 0xE0, 0x31, 0xC0, 0x31, 0xC0, 0x33, 0xC0, 0x36, 0xC0, 
    0x3C, 0xC0, 0x38, 0xC0, 0x38, 0xC0, 0x30, 0xC0, 0x79, 0xE0, 0x00, 0x00, 
    0x00, 0x00, 0x00, 0x00, 0x00, 0x00, 0x00, 0x00, 0x00, 0x00, 0x00, 0x00, 
    0x00, 0x00, 0x00, 0x00, 0x00, 0x00, 0x00, 0x00, 0x00, 0x00, 0x00, 0x00, 
    0x00, 0x00, 0x00, 0x00, 0x19, 0x80, 0x0F, 0x00, 0x00, 0x00, 0x00, 0x00, 
    0x78, 0xE0, 0x31, 0xC0, 0x31, 0xC0, 0x33, 0xC0, 0x36, 0xC0, 0x3C, 0xC0, 
    0x38, 0xC0, 0x38, 0xC0, 0x30, 0xC0, 0x79, 0xE0, 0x00, 0x00, 0x00, 0x00, 
    0x00, 0x00, 0x00, 0x00, 0x00, 0x00, 0x00, 0x00, 0x00, 0x00, 0x00, 0x00, 
    0x00, 0x00, 0x00, 0x00, 0x00, 0x00, 0x00, 0x00, 0x00, 0x00, 0x00, 0x00, 
    0x00, 0x00, 0x00, 0x00, 0x00, 0x00, 0x3F, 0xC0, 0x3F, 0xC0, 0x3F, 0xC0, 
    0x3F, 0xC0, 0x3F, 0xC0, 0x3F, 0xC0, 0x3F, 0xC0, 0x3F, 0xC0, 0x3F, 0xC0, 
    0x3F, 0xC0, 0x3F, 0xC0, 0x3F, 0xC0, 0x00, 0x00, 0x00, 0x00, 0x00, 0x00, 
    0x00, 0x00, 0x00, 0x00, 0x00, 0x00, 0x00, 0x00, 0x00, 0x00, 0x00, 0x00, 
    0x00, 0x00, 0x00, 0x00, 0x00, 0x00, 0x00, 0x00, 0x00, 0x00, 0x00, 0x00, 
    0x00, 0x00, 0x00, 0x00, 0x00, 0x00, 0x00, 0x00, 0x7F, 0xE0, 0x20, 0xC0, 
    0x20, 0xC0, 0x20, 0xC0, 0x20, 0xC0, 0x20, 0xC0, 0x20, 0xC0, 0x20, 0xC0, 
    0x60, 0xC0, 0xC1, 0xE0, 0x00, 0x00, 0x00, 0x00, 0x00, 0x00, 0x00, 0x00, 
    0x00, 0x00, 0x00, 0x00, 0x00, 0x00, 0x00, 0x00, 0x00, 0x00, 0x00, 0x00, 
    0x00, 0x00, 0x00, 0x00, 0x00, 0x00, 0x00, 0x00, 0x00, 0x00, 0x00, 0x00, 
    0x00, 0x00, 0x00, 0x00, 0x00, 0x00, 0xF1, 0xE0, 0x60, 0xC0, 0x71, 0xC0, 
    0x7B, 0xC0, 0x7F, 0xC0, 0x6E, 0xC0, 0x64, 0xC0, 0x60, 0xC0, 0x60, 0xC0, 
    0xF1, 0xE0, 0x00, 0x00, 0x00, 0x00, 0x00, 0x00, 0x00, 0x00, 0x00, 0x00, 
    0x00, 0x00, 0x00, 0x00, 0x00, 0x00, 0x00, 0x00, 0x00, 0x00, 0x00, 0x00, 
    0x00, 0x00, 0x00, 0x00, 0x00, 0x00, 0x00, 0x00, 0x00, 0x00, 0x00, 0x00, 
    0x00, 0x00, 0x00, 0x00, 0xF1, 0xE0, 0x60, 0xC0, 0x60, 0xC0, 0x60, 0xC0, 
    0x7F, 0xC0, 0x60, 0xC0, 0x60, 0xC0, 0x60, 0xC0, 0x60, 0xC0, 0xF1, 0xE0, 
    0x00, 0x00, 0x00, 0x00, 0x00, 0x00, 0x00, 0x00, 0x00, 0x00, 0x00, 0x00, 
    0x00, 0x00, 0x00, 0x00, 0x00, 0x00, 0x00, 0x00, 0x00, 0x00, 0x00, 0x00, 
    0x00, 0x00, 0x00, 0x00, 0x00, 0x00, 0x00, 0x00, 0x00, 0x00, 0x00, 0x00, 
    0x00, 0x00, 0x7F, 0xE0, 0x30, 0xC0, 0x30, 0xC0, 0x30, 0xC0, 0x30, 0xC0, 
    0x30, 0xC0, 0x30, 0xC0, 0x30, 0xC0, 0x30, 0xC0, 0x79, 0xE0, 0x00, 0x00, 
    0x00, 0x00, 0x00, 0x00, 0x00, 0x00, 0x00, 0x00, 0x00, 0x00, 0x00, 0x00, 
    0x00, 0x00, 0x00, 0x00, 0x00, 0x00, 0x00, 0x00, 0x00, 0x00, 0x00, 0x00, 
    0x00, 0x00, 0x00, 0x00, 0x00, 0x00, 0x00, 0x00, 0x00, 0x00, 0x00, 0x00, 
    0x7F, 0xE0, 0x46, 0x20, 0x06, 0x00, 0x06, 0x00, 0x06, 0x00, 0x06, 0x00, 
    0x06, 0x00, 0x06, 0x00, 0x06, 0x00, 0x1F, 0x80, 0x00, 0x00, 0x00, 0x00, 
    0x00, 0x00, 0x00, 0x00, 0x00, 0x00, 0x00, 0x00, 0x00, 0x00, 0x00, 0x00, 
    0x00, 0x00, 0x00, 0x00, 0x00, 0x00, 0x00, 0x00, 0x00, 0x00, 0x00, 0x00, 
    0x00, 0x00, 0x00, 0x00, 0x00, 0x00, 0x3F, 0xC0, 0x3F, 0xC0, 0x3F, 0xC0, 
    0x3F, 0xC0, 0x3F, 0xC0, 0x3F, 0xC0, 0x3F, 0xC0, 0x3F, 0xC0, 0x3F, 0xC0, 
    0x3F, 0xC0, 0x3F, 0xC0, 0x3F, 0xC0, 0x00, 0x00, 0x00, 0x00, 0x00, 0x00, 
    0x00, 0x00, 0x00, 0x00, 0x00, 0x00, 0x00, 0x00, 0x00, 0x00, 0x00, 0x00, 
    0x00, 0x00, 0x00, 0x00, 0x00, 0x00, 0x00, 0x00, 0x00, 0x00, 0x0E, 0x00, 
    0x06, 0x00, 0x06, 0x00, 0x06, 0x00, 0x06, 0x00, 0x1F, 0x80, 0x26, 0xC0, 
    0x26, 0x60, 0x66, 0x60, 0x66, 0x60, 0x66, 0x60, 0x66, 0x60, 0x66, 0x40, 
    0x36, 0x40, 0x1F, 0x80, 0x06, 0x00, 0x06, 0x00, 0x06, 0x00, 0x0F, 0x00, 
    0x00, 0x00, 0x00, 0x00, 0x00, 0x00, 0x00, 0x00, 0x00, 0x00, 0x00, 0x00, 
    0x00, 0x00, 0x00, 0x00, 0x00, 0x00, 0x00, 0x00, 0x00, 0x00, 0x00, 0x00, 
    0x00, 0x00, 0x00, 0x00, 0x00, 0x00, 0x79, 0xE0, 0x30, 0xC0, 0x30, 0xC0, 
    0x30, 0xC0, 0x30, 0xC0, 0x30, 0xC0, 0x30, 0xC0, 0x30, 0xC0, 0x30, 0xC0, 
    0x7F, 0xE0, 0x00, 0x60, 0x00, 0x60, 0x00, 0x00, 0x00, 0x00, 0x00, 0x00, 
    0x00, 0x00, 0x00, 0x00, 0x00, 0x00, 0x00, 0x00, 0x00, 0x00, 0x00, 0x00, 
    0x00, 0x00, 0x00, 0x00, 0x00, 0x00, 0x00, 0x00, 0x00, 0x00, 0x00, 0x00, 
    0x00, 0x00, 0x00, 0x00, 0x79, 0xE0, 0x30, 0xC0, 0x30, 0xC0, 0x30, 0xC0, 
    0x38, 0xC0, 0x1F, 0xC0, 0x00, 0xC0, 0x00, 0xC0, 0x00, 0xC0, 0x01, 0xE0, 
    0x00, 0x00, 0x00, 0x00, 0x00, 0x00, 0x00, 0x00, 0x00, 0x00, 0x00, 0x00, 
    0x00, 0x00, 0x00, 0x00, 0x00, 0x00, 0x00, 0x00, 0x00, 0x00, 0x00, 0x00, 
    0x00, 0x00, 0x00, 0x00, 0x00, 0x00, 0x00, 0x00, 0x00, 0x00, 0x00, 0x00, 
    0x00, 0x00, 0xF6, 0xE0, 0x66, 0xC0, 0x66, 0xC0, 0x66, 0xC0, 0x66, 0xC0, 
    0x66, 0xC0, 0x66, 0xC0, 0x66, 0xC0, 0x66, 0xC0, 0x7F, 0xC0, 0x00, 0x00, 
    0x00, 0x00, 0x00, 0x00, 0x00, 0x00, 0x00, 0x00, 0x00, 0x00, 0x00, 0x00, 
    0x00, 0x00, 0x00, 0x00, 0x00, 0x00, 0x00, 0x00, 0x00, 0x00, 0x00, 0x00, 
    0x00, 0x00, 0x00, 0x00, 0x00, 0x00, 0x00, 0x00, 0x00, 0x00, 0x00, 0x00, 
    0xF6, 0xE0, 0x66, 0xC0, 0x66, 0xC0, 0x66, 0xC0, 0x66, 0xC0, 0x66, 0xC0, 
    0x66, 0xC0, 0x66, 0xC0, 0x66, 0xC0, 0x7F, 0xE0, 0x00, 0x60, 0x00, 0x60, 
    0x00, 0x00, 0x00, 0x00, 0x00, 0x00, 0x00, 0x00, 0x00, 0x00, 0x00, 0x00, 
    0x00, 0x00, 0x00, 0x00, 0x00, 0x00, 0x00, 0x00, 0x00, 0x00, 0x00, 0x00, 
    0x00, 0x00, 0x00, 0x00, 0x00, 0x00, 0x00, 0x00, 0x00, 0x00, 0x7E, 0x00, 
    0x4C, 0x00, 0x0C, 0x00, 0x0C, 0x00, 0x0D, 0xC0, 0x0E, 0x60, 0x0C, 0x60, 
    0x0C, 0x60, 0x0E, 0x60, 0x1B, 0xC0, 0x00, 0x00, 0x00, 0x00, 0x00, 0x00, 
    0x00, 0x00, 0x00, 0x00, 0x00, 0x00, 0x00, 0x00, 0x00, 0x00, 0x00, 0x00, 
    0x00, 0x00, 0x00, 0x00, 0x00, 0x00, 0x00, 0x00, 0x00, 0x00, 0x00, 0x00, 
    0x00, 0x00, 0x00, 0x00, 0x00, 0x00, 0x00, 0x00, 0xF1, 0xE0, 0x60, 0xC0, 
    0x60, 0xC0, 0x60, 0xC0, 0x6C, 0xC0, 0x76, 0xC0, 0x66, 0xC0, 0x66, 0xC0, 
    0x76, 0xC0, 0xDD, 0xE0, 0x00, 0x00, 0x00, 0x00, 0x00, 0x00, 0x00, 0x00, 
    0x00, 0x00, 0x00, 0x00, 0x00, 0x00, 0x00, 0x00, 0x00, 0x00, 0x00, 0x00, 
    0x00, 0x00, 0x00, 0x00, 0x00, 0x00, 0x00, 0x00, 0x00, 0x00, 0x00, 0x00, 
    0x00, 0x00, 0x00, 0x00, 0x00, 0x00, 0x3C, 0x00, 0x18, 0x00, 0x18, 0x00, 
    0x18, 0x00, 0x1B, 0x80, 0x1C, 0xC0, 0x18, 0xC0, 0x18, 0xC0, 0x1C, 0xC0, 
    0x37, 0x80, 0x00, 0x00, 0x00, 0x00, 0x00, 0x00, 0x00, 0x00, 0x00, 0x00, 
    0x00, 0x00, 0x00, 0x00, 0x00, 0x00, 0x00, 0x00, 0x00, 0x00, 0x00, 0x00, 
    0x00, 0x00, 0x00, 0x00, 0x00, 0x00, 0x00, 0x00, 0x00, 0x00, 0x00, 0x00, 
    0x00, 0x00, 0x00, 0x00, 0x1F, 0x00, 0x60, 0xC0, 0x00, 0xC0, 0x00, 0x60, 
    0x3F, 0xE0, 0x00, 0x60, 0x00, 0x60, 0x40, 0xC0, 0x61, 0x80, 0x1E, 0x00, 
    0x00, 0x00, 0x00, 0x00, 0x00, 0x00, 0x00, 0x00, 0x00, 0x00, 0x00, 0x00, 
    0x00, 0x00, 0x00, 0x00, 0x00, 0x00, 0x00, 0x00, 0x00, 0x00, 0x00, 0x00, 
    0x00, 0x00, 0x00, 0x00, 0x00, 0x00, 0x00, 0x00, 0x00, 0x00, 0x00, 0x00, 
    0x00, 0x00, 0xF3, 0xC0, 0x66, 0xE0, 0x64, 0x60, 0x64, 0x20, 0x7C, 0x20, 
    0x64, 0x20, 0x64, 0x20, 0x66, 0x20, 0x67, 0x60, 0xF3, 0xC0, 0x00, 0x00, 
    0x00, 0x00, 0x00, 0x00, 0x00, 0x00, 0x00, 0x00, 0x00, 0x00, 0x00, 0x00, 
    0x00, 0x00, 0x00, 0x00, 0x00, 0x00, 0x00, 0x00, 0x00, 0x00, 0x00, 0x00, 
    0x00, 0x00, 0x00, 0x00, 0x00, 0x00, 0x00, 0x00, 0x00, 0x00, 0x00, 0x00, 
    0x1F, 0xE0, 0x30, 0xC0, 0x60, 0xC0, 0x30, 0xC0, 0x1F, 0xC0, 0x06, 0xC0, 
    0x0C, 0xC0, 0x18, 0xC0, 0x30, 0xC0, 0x71, 0xE0, 0x00, 0x00, 0x00, 0x00, 
    0x00, 0x00, 0x00, 0x00, 0x00, 0x00, 0x00, 0x00, 0x00, 0x00, 0x00, 0x00, 
    0x00, 0x00, 0x00, 0x00, 0x00, 0x00, 0x00, 0x00, 0x00, 0x00, 0x00, 0x00, 
    0x70, 0x00, 0x30, 0x00, 0x30, 0x00, 0x7F, 0x00, 0x30, 0x00, 0x37, 0x80, 
    0x39, 0xC0, 0x30, 0xC0, 0x30, 0xC0, 0x30, 0xC0, 0x30, 0xC0, 0x30, 0xC0, 
    0x30, 0xC0, 0x30, 0xC0, 0x78, 0xC0, 0x01, 0x80, 0x01, 0x80, 0x03, 0x00, 
    0x02, 0x00, 0x00, 0x00, 0x00, 0x00, 0x00, 0x00, 0x00, 0x00, 0x00, 0x00, 
    0x00, 0x00, 0x00, 0x00, 0x00, 0x00, 0x00, 0x00, 0x03, 0x00, 0x06, 0x00, 
    0x0C, 0x00, 0x18, 0x00, 0x00, 0x00, 0x00, 0x00, 0x7F, 0xC0, 0x30, 0xC0, 
    0x30, 0x40, 0x30, 0x00, 0x30, 0x00, 0x30, 0x00, 0x30, 0x00, 0x30, 0x00, 
    0x30, 0x00, 0x78, 0x00, 0x00, 0x00, 0x00, 0x00, 0x00, 0x00, 0x00, 0x00, 
    0x00, 0x00, 0x00, 0x00, 0x00, 0x00, 0x00, 0x00, 0x00, 0x00, 0x00, 0x00, 
    0x00, 0x00, 0x00, 0x00, 0x00, 0x00, 0x00, 0x00, 0x00, 0x00, 0x00, 0x00, 
    0x00, 0x00, 0x00, 0x00, 0x00, 0x00, 0x0F, 0x80, 0x10, 0x60, 0x30, 0x20, 
    0x60, 0x00, 0x7F, 0xC0, 0x60, 0x00, 0x30, 0x00, 0x38, 0x20, 0x1C, 0x60, 
    0x07, 0x80, 0x00, 0x00, 0x00, 0x00, 0x00, 0x00, 0x00, 0x00, 0x00, 0x00, 
    0x00, 0x00, 0x00, 0x00, 0x00, 0x00, 0x00, 0x00, 0x00, 0x00, 0x00, 0x00, 
    0x00, 0x00, 0x00, 0x00, 0x00, 0x00, 0x00, 0x00, 0x00, 0x00, 0x00, 0x00, 
    0x00, 0x00, 0x00, 0x00, 0x7F, 0x00, 0x26, 0x00, 0x26, 0x00, 0x26, 0x00, 
    0x26, 0xC0, 0x27, 0x60, 0x26, 0x60, 0x26, 0x60, 0x67, 0x60, 0xCD, 0xC0, 
    0x00, 0x00, 0x00, 0x00, 0x00, 0x00, 0x00, 0x00, 0x00, 0x00, 0x00, 0x00, 
    0x00, 0x00, 0x00, 0x00, 0x00, 0x00, 0x00, 0x00, 0x00, 0x00, 0x00, 0x00, 
    0x00, 0x00, 0x00, 0x00, 0x00, 0x00, 0x00, 0x00, 0x00, 0x00, 0x00, 0x00, 
    0x00, 0x00, 0xF7, 0x00, 0x66, 0x00, 0x66, 0x00, 0x66, 0x00, 0x7E, 0xC0, 
    0x67, 0x60, 0x66, 0x60, 0x66, 0x60, 0x67, 0x60, 0xF5, 0xC0, 0x00, 0x00, 
    0x00, 0x00, 0x00, 0x00, 0x00, 0x00, 0x00, 0x00, 0x00, 0x00, 0x00, 0x00, 
    0x00, 0x00, 0x00, 0x00, 0x00, 0x00, 0x00, 0x00, 0x00, 0x00, 0x00, 0x00, 
    0x00, 0x00, 0x70, 0x00, 0x30, 0x00, 0x30, 0x00, 0x30, 0x00, 0x30, 0x00, 
    0x7F, 0x00, 0x30, 0x00, 0x30, 0x00, 0x30, 0x00, 0x37, 0x80, 0x39, 0xC0, 
    0x30, 0xC0, 0x30, 0xC0, 0x30, 0xC0, 0x79, 0xE0, 0x00, 0x00, 0x00, 0x00, 
    0x00, 0x00, 0x00, 0x00, 0x00, 0x00, 0x00, 0x00, 0x00, 0x00, 0x00, 0x00, 
    0x00, 0x00, 0x00, 0x00, 0x00, 0x00, 0x00, 0x00, 0x00, 0x00, 0x03, 0x00, 
    0x06, 0x00, 0x0C, 0x00, 0x18, 0x00, 0x00, 0x00, 0x00, 0x00, 0x79, 0xC0, 
    0x31, 0x00, 0x32, 0x00, 0x34, 0x00, 0x38, 0x00, 0x3C, 0x00, 0x36, 0x00, 
    0x33, 0x00, 0x31, 0x80, 0x78, 0xE0, 0x00, 0x00, 0x00, 0x00, 0x00, 0x00, 
    0x00, 0x00, 0x00, 0x00, 0x00, 0x00, 0x00, 0x00, 0x00, 0x00, 0x00, 0x00, 
    0x00, 0x00, 0x00, 0x00, 0x00, 0x00, 0x00, 0x00, 0x18, 0x00, 0x0C, 0x00, 
    0x06, 0x00, 0x03, 0x00, 0x00, 0x00, 0x00, 0x00, 0x78, 0xE0, 0x31, 0xC0, 
    0x31, 0xC0, 0x33, 0xC0, 0x36, 0xC0, 0x3C, 0xC0, 0x38, 0xC0, 0x38, 0xC0, 
    0x30, 0xC0, 0x79, 0xE0, 0x00, 0x00, 0x00, 0x00, 0x00, 0x00, 0x00, 0x00, 
    0x00, 0x00, 0x00, 0x00, 0x00, 0x00, 0x00, 0x00, 0x00, 0x00, 0x00, 0x00, 
    0x00, 0x00, 0x00, 0x00, 0x00, 0x00, 0x00, 0x00, 0x00, 0x00, 0x19, 0x80, 
    0x0F, 0x00, 0x00, 0x00, 0x00, 0x00, 0xF0, 0xE0, 0x60, 0x40, 0x30, 0x40, 
    0x30, 0xC0, 0x18, 0x80, 0x19, 0x80, 0x0D, 0x00, 0x0F, 0x00, 0x06, 0x00, 
    0x06, 0x00, 0x04, 0x00, 0x0C, 0x00, 0x08, 0x00, 0x70, 0x00, 0x00, 0x00, 
    0x00, 0x00, 0x00, 0x00, 0x00, 0x00, 0x00, 0x00, 0x00, 0x00, 0x00, 0x00, 
    0x00, 0x00, 0x00, 0x00, 0x00, 0x00, 0x00, 0x00, 0x00, 0x00, 0x00, 0x00, 
    0x00, 0x00, 0x00, 0x00, 0x79, 0xE0, 0x30, 0xC0, 0x30, 0xC0, 0x30, 0xC0, 
    0x30, 0xC0, 0x30, 0xC0, 0x30, 0xC0, 0x30, 0xC0, 0x30, 0xC0, 0x7F, 0xE0, 
    0x06, 0x00, 0x06, 0x00, 0x00, 0x00, 0x00, 0x00, 0x00, 0x00, 0x00, 0x00, 
    0x00, 0x00, 0x00, 0x00, 0x00, 0x00, 0x00, 0x00, 0x00, 0x00, 0x19, 0x80, 
    0x0F, 0x00, 0x00, 0x00, 0x00, 0x00, 0xF1, 0xE0, 0x60, 0xC0, 0x61, 0xC0, 
    0x63, 0xC0, 0x62, 0xC0, 0x66, 0xC0, 0x64, 0xC0, 0x6C, 0xC0, 0x68, 0xC0, 
    0x78, 0xC0, 0x70, 0xC0, 0x60, 0xC0, 0x60, 0xD0, 0xF1, 0xE0, 0x00, 0xC0, 
    0x03, 0x80, 0x00, 0x00, 0x00, 0x00, 0x00, 0x00, 0x00, 0x00, 0x00, 0x00, 
    0x00, 0x00, 0x00, 0x00, 0x00, 0x00, 0x00, 0x00, 0x00, 0x00, 0x00, 0x00, 
    0x00, 0x00, 0x00, 0x00, 0x19, 0x80, 0x0F, 0x00, 0x00, 0x00, 0x00, 0x00, 
    0x71, 0xE0, 0x31, 0xC0, 0x33, 0xC0, 0x32, 0xC0, 0x36, 0xC0, 0x3C, 0xC0, 
    0x38, 0xC0, 0x38, 0xC0, 0x30, 0xD0, 0x79, 0xE0, 0x00, 0xC0, 0x03, 0x80, 
    0x00, 0x00, 0x00, 0x00, 0x00, 0x00, 0x00, 0x00, 0x00, 0x00, 0x00, 0x00, 
    0x00, 0x00, 0x00, 0x00, 0x00, 0x00, 0x00, 0x00, 0x00, 0x00, 0x00, 0x00, 
    0x00, 0x00, 0x3C, 0x00, 0x18, 0x00, 0x18, 0x00, 0x18, 0x00, 0x7E, 0x00, 
    0x18, 0x00, 0x18, 0x00, 0x1B, 0x80, 0x1C, 0xC0, 0x18, 0xC0, 0x18, 0xC0, 
    0x18, 0xC0, 0x1C, 0xC0, 0x37, 0x80, 0x00, 0x00, 0x00, 0x00, 0x00, 0x00, 
    0x00, 0x00, 0x00, 0x00, 0x00, 0x00, 0x00, 0x00, 0x00, 0x00, 0x00, 0x00, 
    0x00, 0x00, 0x00, 0x00, 0x00, 0x00, 0x00, 0x00, 0x00, 0x00, 0x00, 0x00, 
    0x00, 0x00, 0x00, 0x00, 0x00, 0x00, 0x00, 0x00, 0x3C, 0x00, 0x18, 0x00, 
    0x7E, 0x00, 0x18, 0x00, 0x1B, 0x80, 0x1C, 0xC0, 0x18, 0xC0, 0x18, 0xC0, 
    0x1C, 0xC0, 0x37, 0x80, 0x00, 0x00, 0x00, 0x00, 0x00, 0x00, 0x00, 0x00, 
    0x00, 0x00, 0x00, 0x00, 0x00, 0x00, 0x00, 0x00, 0x00, 0x00, 0x00, 0x00, 
    0x00, 0x00, 0x00, 0x00, 0x00, 0x00, 0x00, 0x00, 0x00, 0x00, 0xFF, 0x00, 
    0x61, 0x80, 0x60, 0xC0, 0x60, 0xC0, 0x66, 0xC0, 0x63, 0xC0, 0x71, 0x80, 
    0x6E, 0xC0, 0x60, 0x60, 0x60, 0x00, 0x60, 0x00, 0x60, 0x00, 0x60, 0x00, 
    0xF0, 0x00, 0x00, 0x00, 0x00, 0x00, 0x00, 0x00, 0x00, 0x00, 0x00, 0x00, 
    0x00, 0x00, 0x00, 0x00, 0x00, 0x00, 0x00, 0x00, 0x00, 0x00, 0x00, 0x00, 
    0x00, 0x00, 0x00, 0x00, 0x00, 0x00, 0x00, 0x00, 0x00, 0x00, 0x00, 0x00, 
    0x00, 0x00, 0x00, 0x00, 0xEF, 0x00, 0x71, 0xC0, 0x60, 0xE0, 0x60, 0x60, 
    0x60, 0x60, 0x66, 0x60, 0x63, 0x60, 0x71, 0xC0, 0x68, 0xC0, 0x67, 0x60, 
    0x60, 0x00, 0x60, 0x00, 0x60, 0x00, 0xF0, 0x00, 0x00, 0x00, 0x00, 0x00, 
    0x00, 0x00, 0x00, 0x00, 0x00, 0x00, 0x00, 0x00, 0x00, 0x00, 0x00, 0x00, 
    0x00, 0x00, 0x00, 0x20, 0x00, 0x60, 0x7F, 0xE0, 0x30, 0x00, 0x30, 0x00, 
    0x30, 0x00, 0x30, 0x00, 0x30, 0x00, 0x30, 0x00, 0x30, 0x00, 0x30, 0x00, 
    0x30, 0x00, 0x30, 0x00, 0x30, 0x00, 0x30, 0x00, 0x78, 0x00, 0x00, 0x00, 
    0x00, 0x00, 0x00, 0x00, 0x00, 0x00, 0x00, 0x00, 0x00, 0x00, 0x00, 0x00, 
    0x00, 0x00, 0x00, 0x00, 0x00, 0x00, 0x00, 0x00, 0x00, 0x00, 0x00, 0x00, 
    0x00, 0x00, 0x00, 0x00, 0x00, 0x00, 0x00, 0x00, 0x00, 0x40, 0x00, 0xC0, 
    0x7F, 0xC0, 0x30, 0x00, 0x30, 0x00, 0x30, 0x00, 0x30, 0x00, 0x30, 0x00, 
    0x30, 0x00, 0x30, 0x00, 0x30, 0x00, 0x78, 0x00, 0x00, 0x00, 0x00, 0x00, 
    0x00, 0x00, 0x00, 0x00, 0x00, 0x00, 0x00, 0x00, 0x00, 0x00, 0x00, 0x00, 
    0x00, 0x00, 0x00, 0x00, 0x00, 0x00, 0x00, 0x00, 0x00, 0x00, 0x00, 0x00, 
    0x00, 0x00, 0xF0, 0x00, 0x60, 0x00, 0x60, 0x00, 0x60, 0x00, 0x60, 0x00, 
    0x67, 0x00, 0x79, 0x80, 0x60, 0xC0, 0x60, 0xC0, 0x60, 0xC0, 0x60, 0xC0, 
    0x60, 0xC0, 0x60, 0xC0, 0xF1, 0xE0, 0x00, 0x00, 0x00, 0x00, 0x00, 0x00, 
    0x00, 0x00, 0x00, 0x00, 0x00, 0x00, 0x00, 0x00, 0x00, 0x00, 0x00, 0x00, 
    0x00, 0x00, 0x00, 0x00, 0x00, 0x00, 0x00, 0x00, 0x00, 0x00, 0x00, 0x00, 
    0x00, 0x00, 0x70, 0x00, 0x30, 0x00, 0x30, 0x00, 0x30, 0x00, 0x37, 0x00, 
    0x39, 0x80, 0x30, 0xC0, 0x30, 0xC0, 0x30, 0xC0, 0x30, 0xC0, 0x30, 0xC0, 
    0x30, 0xC0, 0x79, 0xE0, 0x00, 0x00, 0x00, 0x00, 0x00, 0x00, 0x00, 0x00, 
    0x00, 0x00, 0x00, 0x00, 0x00, 0x00, 0x00, 0x00, 0x00, 0x00, 0x00, 0x00, 
    0x00, 0x00, 0x19, 0x80, 0x0F, 0x00, 0x00, 0x00, 0x00, 0x00, 0xEF, 0x70, 
    0x46, 0x20, 0x66, 0x60, 0x26, 0x40, 0x36, 0xC0, 0x16, 0x80, 0x1F, 0x80, 
    0x1F, 0x80, 0x1F, 0x80, 0x36, 0xC0, 0x36, 0xC0, 0x66, 0x60, 0x66, 0x60, 
    0xEF, 0x70, 0x00, 0x00, 0x00, 0x00, 0x00, 0x00, 0x00, 0x00, 0x00, 0x00, 
    0x00, 0x00, 0x00, 0x00, 0x00, 0x00, 0x00, 0x00, 0x00, 0x00, 0x00, 0x00, 
    0x00, 0x00, 0x00, 0x00, 0x00, 0x00, 0x00, 0x00, 0x19, 0x80, 0x0F, 0x00, 
    0x00, 0x00, 0x00, 0x00, 0x66, 0x60, 0x26, 0x40, 0x16, 0x80, 0x0F, 0x00, 
    0x06, 0x00, 0x06, 0x00, 0x0F, 0x00, 0x16, 0x80, 0x36, 0xC0, 0x66, 0x60, 
    0x00, 0x00, 0x00, 0x00, 0x00, 0x00, 0x00, 0x00, 0x00, 0x00, 0x00, 0x00, 
    0x00, 0x00, 0x00, 0x00, 0x00, 0x00, 0x00, 0x00, 0x00, 0x00, 0x00, 0x00, 
    0x00, 0x00, 0x00, 0x00, 0x00, 0x00, 0x3F, 0xE0, 0x10, 0xC0, 0x10, 0xC0, 
    0x10, 0xC0, 0x10, 0xC0, 0x10, 0xC0, 0x10, 0xC0, 0x10, 0xC0, 0x10, 0xC0, 
    0x10, 0xC0, 0x10, 0xC0, 0x10, 0xC0, 0xB0, 0xD0, 0x61, 0xE0, 0x00, 0xC0, 
    0x03, 0x80, 0x00, 0x00, 0x00, 0x00, 0x00, 0x00, 0x00, 0x00, 0x00, 0x00, 
    0x00, 0x00, 0x00, 0x00, 0x00, 0x00, 0x00, 0x00, 0x00, 0x00, 0x00, 0x00, 
    0x00, 0x00, 0x00, 0x00, 0x00, 0x00, 0x00, 0x00, 0x00, 0x00, 0x00, 0x00, 
    0x7F, 0xE0, 0x20, 0xC0, 0x20, 0xC0, 0x20, 0xC0, 0x20, 0xC0, 0x20, 0xC0, 
    0x20, 0xC0, 0x20, 0xC0, 0x60, 0xD0, 0xC1, 0xE0, 0x00, 0xC0, 0x03, 0x80, 
    0x00, 0x00, 0x00, 0x00, 0x00, 0x00, 0x00, 0x00, 0x00, 0x00, 0x00, 0x00, 
    0x00, 0x00, 0x00, 0x00, 0x00, 0x00, 0x00, 0x00, 0x00, 0x00, 0x00, 0x00, 
    0x00, 0x00, 0xF1, 0xE0, 0x60, 0xC0, 0x60, 0xC0, 0x60, 0xC0, 0x60, 0xC0, 
    0x60, 0xC0, 0x60, 0xC0, 0x7F, 0xC0, 0x60, 0xC0, 0x60, 0xC0, 0x60, 0xC0, 
    0x60, 0xC0, 0x60, 0xC0, 0xF1, 0xE0, 0x00, 0xC0, 0x01, 0xC0, 0x0B, 0x00, 
    0x0E, 0x00, 0x00, 0x00, 0x00, 0x00, 0x00, 0x00, 0x00, 0x00, 0x00, 0x00, 
    0x00, 0x00, 0x00, 0x00, 0x00, 0x00, 0x00, 0x00, 0x00, 0x00, 0x00, 0x00, 
    0x00, 0x00, 0x00, 0x00, 0x00, 0x00, 0x00, 0x00, 0xF1, 0xE0, 0x60, 0xC0, 
    0x60, 0xC0, 0x60, 0xC0, 0x7F, 0xC0, 0x60, 0xC0, 0x60, 0xC0, 0x60, 0xC0, 
    0x60, 0xC0, 0xF1, 0xE0, 0x00, 0xC0, 0x01, 0xC0, 0x0B, 0x00, 0x0E, 0x00, 
    0x00, 0x00, 0x00, 0x00, 0x00, 0x00, 0x00, 0x00, 0x00, 0x00, 0x00, 0x00, 
    0x00, 0x00, 0x00, 0x00, 0x00, 0x00, 0x00, 0x00, 0x00, 0x00, 0xF1, 0xE0, 
    0x60, 0xC0, 0x60, 0xC0, 0x60, 0xC0, 0x60, 0xC0, 0x60, 0xC0, 0x60, 0xC0, 
    0x7F, 0xC0, 0x60, 0xC0, 0x60, 0xC0, 0x60, 0xC0, 0x60, 0xC0, 0x60, 0xD0, 
    0xF1, 0xE0, 0x00, 0xC0, 0x03, 0x80, 0x00, 0x00, 0x00, 0x00, 0x00, 0x00, 
    0x00, 0x00, 0x00, 0x00, 0x00, 0x00, 0x00, 0x00, 0x00, 0x00, 0x00, 0x00, 
    0x00, 0x00, 0x00, 0x00, 0x00, 0x00, 0x00, 0x00, 0x00, 0x00, 0x00, 0x00, 
    0x00, 0x00, 0x00, 0x00, 0xF1, 0xE0, 0x60, 0xC0, 0x60, 0xC0, 0x60, 0xC0, 
    0x7F, 0xC0, 0x60, 0xC0, 0x60, 0xC0, 0x60, 0xC0, 0x60, 0xD0, 0xF1, 0xE0, 
    0x00, 0xC0, 0x03, 0x80, 0x00, 0x00, 0x00, 0x00, 0x00, 0x00, 0x00, 0x00, 
    0x00, 0x00, 0x00, 0x00, 0x00, 0x00, 0x00, 0x00, 0x00, 0x00, 0x00, 0x00, 
    0x00, 0x00, 0x00, 0x00, 0x00, 0x00, 0xE0, 0x70, 0x60, 0xE0, 0x70, 0xE0, 
    0x70, 0xE0, 0x70, 0xE0, 0x59, 0x60, 0x59, 0x60, 0x59, 0x60, 0x4D, 0x60, 
    0x4E, 0x60, 0x4E, 0x60, 0x44, 0x60, 0x44, 0x60, 0xE4, 0xF0, 0x00, 0x60, 
    0x01, 0xC0, 0x00, 0x00, 0x00, 0x00, 0x00, 0x00, 0x00, 0x00, 0x00, 0x00, 
    0x00, 0x00, 0x00, 0x00, 0x00, 0x00, 0x00, 0x00, 0x00, 0x00, 0x00, 0x00, 
    0x00, 0x00, 0x00, 0x00, 0x00, 0x00, 0x00, 0x00, 0x00, 0x00, 0x00, 0x00, 
    0xF1, 0xE0, 0x60, 0xC0, 0x60, 0xC0, 0x71, 0xC0, 0x71, 0xC0, 0x7B, 0xC0, 
    0x6A, 0xC0, 0x6E, 0xC0, 0x64, 0xD0, 0xF5, 0xE0, 0x00, 0xC0, 0x03, 0x80, 
    0x00, 0x00, 0x00, 0x00, 0x00, 0x00, 0x00, 0x00, 0x00, 0x00, 0x00, 0x00, 
    0x00, 0x00, 0x00, 0x00, 0x00, 0x00, 0x19, 0x80, 0x19, 0x80, 0x00, 0x00, 
    0x00, 0x00, 0x3E, 0x00, 0x61, 0x00, 0x40, 0x80, 0x00, 0xC0, 0x00, 0x60, 
    0x00, 0x60, 0x3F, 0xE0, 0x00, 0x60, 0x00, 0x60, 0x00, 0x60, 0x00, 0xC0, 
    0x41, 0xC0, 0x63, 0x80, 0x1E, 0x00, 0x00, 0x00, 0x00, 0x00, 0x00, 0x00, 
    0x00, 0x00, 0x00, 0x00, 0x00, 0x00, 0x00, 0x00, 0x00, 0x00, 0x00, 0x00, 
    0x00, 0x00, 0x00, 0x00, 0x00, 0x00, 0x00, 0x00, 0x00, 0x00, 0x00, 0x00, 
    0x19, 0x80, 0x19, 0x80, 0x00, 0x00, 0x00, 0x00, 0x1F, 0x00, 0x61, 0x80, 
    0x00, 0xC0, 0x00, 0x60, 0x3F, 0xE0, 0x00, 0x60, 0x00, 0x60, 0x40, 0xC0, 
    0x61, 0x80, 0x1E, 0x00, 0x00, 0x00, 0x00, 0x00, 0x00, 0x00, 0x00, 0x00, 
    0x00, 0x00, 0x00, 0x00
};
static const uint32_t g_ksystem_fallback_psf_size = 29728u;
